CBSA,new_housing_units_permitted,year
10180,214,2009
10420,741,2009
10500,213,2009
10580,1380,2009
10740,1692,2009
10780,396,2009
10900,1648,2009
11020,125,2009
11100,642,2009
11180,122,2009
11260,551,2009
11300,69,2009
11340,280,2009
11460,253,2009
11500,194,2009
11540,517,2009
11700,1465,2009
12020,297,2009
12060,6533,2009
12100,512,2009
12220,1253,2009
12260,2277,2009
12420,8758,2009
12540,1777,2009
12580,5115,2009
12620,366,2009
12700,377,2009
12940,2921,2009
12980,36,2009
13020,68,2009
13140,2129,2009
13380,460,2009
13460,376,2009
13740,529,2009
13780,205,2009
13820,1807,2009
13900,515,2009
13980,410,2009
14020,306,2009
14060,502,2009
14260,1904,2009
14460,5476,2009
14500,345,2009
14540,353,2009
14600,1763,2009
14740,562,2009
14860,1199,2009
15180,1105,2009
15260,394,2009
15380,1367,2009
15500,561,2009
15540,593,2009
15940,360,2009
15980,944,2009
16020,154,2009
16180,18,2009
16220,412,2009
16300,1200,2009
16580,520,2009
16620,356,2009
16700,2949,2009
16740,7091,2009
16820,666,2009
16860,1126,2009
16940,387,2009
16980,6097,2009
17020,360,2009
17140,3515,2009
17300,1458,2009
17420,351,2009
17460,2069,2009
17660,861,2009
17780,836,2009
17820,1369,2009
17860,632,2009
17900,3498,2009
17980,1208,2009
18020,125,2009
18140,4059,2009
18580,1150,2009
18700,96,2009
19060,199,2009
19100,20370,2009
19140,138,2009
19180,10,2009
19260,127,2009
19340,727,2009
19380,848,2009
19460,93,2009
19500,93,2009
19660,666,2009
19740,4112,2009
19780,2478,2009
19820,1333,2009
20020,337,2009
20100,806,2009
20220,435,2009
20260,552,2009
20500,2657,2009
20740,421,2009
20940,196,2009
21340,3191,2009
21060,460,2009
21140,185,2009
21300,72,2009
21500,473,2009
21660,616,2009
21780,718,2009
21820,34,2009
22020,1678,2009
22140,234,2009
22180,2664,2009
22220,1751,2009
22380,482,2009
22420,149,2009
22500,349,2009
22520,181,2009
22540,204,2009
22660,451,2009
22900,894,2009
23020,410,2009
23060,884,2009
23420,2228,2009
23460,128,2009
23540,529,2009
23580,239,2009
24020,325,2009
24140,259,2009
24220,325,2009
24300,365,2009
24340,792,2009
24500,187,2009
24540,761,2009
24580,837,2009
24660,2075,2009
24780,585,2009
24860,1541,2009
25060,2836,2009
25180,701,2009
25260,194,2009
25420,1522,2009
25500,620,2009
25540,1338,2009
25620,108,2009
25860,601,2009
25980,387,2009
26100,408,2009
26180,1036,2009
26300,38,2009
26380,555,2009
26420,27326,2009
26580,193,2009
26620,2988,2009
26820,324,2009
26900,5600,2009
26980,729,2009
27060,127,2009
27100,127,2009
27140,1188,2009
27180,253,2009
27260,4666,2009
27340,2136,2009
27500,213,2009
27620,313,2009
27740,505,2009
27780,94,2009
27860,446,2009
27900,218,2009
28020,401,2009
28100,96,2009
28140,3406,2009
28420,1091,2009
28660,2340,2009
28700,554,2009
28740,287,2009
28940,1927,2009
29020,81,2009
29100,349,2009
29140,486,2009
29180,827,2009
29340,1163,2009
29420,267,2009
29460,1135,2009
29540,1262,2009
29620,251,2009
29700,786,2009
29740,1139,2009
29820,5688,2009
29940,342,2009
30020,641,2009
30140,353,2009
30300,81,2009
30340,167,2009
30460,1633,2009
30620,64,2009
30700,728,2009
30780,3049,2009
30860,533,2009
30980,199,2009
31020,147,2009
31100,7281,2009
31140,2410,2009
31180,1031,2009
31340,727,2009
31420,304,2009
31460,120,2009
31540,1403,2009
31700,513,2009
31740,1001,2009
31860,263,2009
31900,73,2009
32580,3156,2009
32780,321,2009
32820,2034,2009
32900,99,2009
33100,3875,2009
33140,138,2009
33260,330,2009
33340,1427,2009
33460,4670,2009
33540,225,2009
33660,2635,2009
33700,364,2009
33740,276,2009
33780,80,2009
33860,467,2009
34060,48,2009
34100,219,2009
34580,290,2009
34620,44,2009
34740,93,2009
34820,1711,2009
34900,131,2009
34940,944,2009
34980,4933,2009
35300,509,2009
35380,2832,2009
35620,16707,2009
35660,120,2009
35980,427,2009
36100,394,2009
36140,428,2009
36220,220,2009
36260,1591,2009
36420,3452,2009
36500,1317,2009
36540,3464,2009
36740,4487,2009
36780,401,2009
36980,249,2009
37100,352,2009
37340,995,2009
37380,168,2009
37460,352,2009
37620,141,2009
37700,812,2009
37860,1042,2009
37900,578,2009
37980,7093,2009
38060,9272,2009
38220,89,2009
38300,3033,2009
38340,173,2009
38540,161,2009
38940,384,2009
38860,1207,2009
38900,4020,2009
39100,905,2009
39140,488,2009
39300,1437,2009
39340,1524,2009
39380,377,2009
39460,296,2009
39540,343,2009
39580,4894,2009
39660,450,2009
39740,400,2009
39820,243,2009
39900,773,2009
40060,3296,2009
40140,6335,2009
40220,449,2009
40340,570,2009
40380,1625,2009
40420,222,2009
40580,271,2009
40660,111,2009
40900,2710,2009
40980,116,2009
41420,835,2009
41500,194,2009
41540,325,2009
41620,4692,2009
41660,516,2009
41700,5924,2009
41740,2946,2009
41860,3550,2009
41940,1094,2009
42020,394,2009
41780,47,2009
42060,226,2009
42100,149,2009
42140,102,2009
42220,442,2009
42340,1605,2009
42540,708,2009
42660,7419,2009
42680,327,2009
43100,159,2009
43300,113,2009
43340,1264,2009
43580,205,2009
43620,1577,2009
43780,348,2009
43900,634,2009
44060,1786,2009
44100,392,2009
44140,629,2009
44180,1196,2009
44220,69,2009
41060,537,2009
41100,598,2009
41140,152,2009
41180,5162,2009
44300,338,2009
44700,792,2009
44940,417,2009
45060,1033,2009
45220,895,2009
45300,6962,2009
45460,130,2009
45500,302,2009
45780,669,2009
45820,489,2009
45940,269,2009
46060,2129,2009
46140,3340,2009
46220,689,2009
46340,209,2009
46540,414,2009
46660,897,2009
46700,586,2009
47020,106,2009
47220,262,2009
47260,5302,2009
47300,1097,2009
47380,674,2009
47580,715,2009
47900,12329,2009
47940,360,2009
48140,305,2009
48260,37,2009
48300,355,2009
48540,17,2009
48660,208,2009
48620,1876,2009
48700,118,2009
48900,1813,2009
49020,361,2009
49180,1166,2009
49340,1419,2009
49420,508,2009
49620,1173,2009
49660,318,2009
49700,171,2009
49740,749,2009
10180,390,2010
10420,736,2010
10500,248,2010
10580,1429,2010
10740,1764,2010
10780,434,2010
10900,1388,2010
11020,159,2010
11100,927,2010
11180,167,2010
11260,533,2010
11300,80,2010
11340,420,2010
11460,368,2010
11500,107,2010
11540,587,2010
11700,2038,2010
12020,226,2010
12060,7575,2010
12100,512,2010
12220,971,2010
12260,2474,2010
12420,8786,2010
12540,1656,2010
12580,5594,2010
12620,272,2010
12700,418,2010
12940,2962,2010
12980,33,2010
13020,54,2010
13140,1424,2010
13380,458,2010
13460,377,2010
13740,457,2010
13780,108,2010
13820,1924,2010
13900,650,2010
13980,268,2010
14020,263,2010
14060,427,2010
14260,1693,2010
14460,6672,2010
14500,657,2010
14540,573,2010
14740,623,2010
14860,926,2010
15180,1258,2010
15260,404,2010
15380,1498,2010
15500,847,2010
15540,585,2010
15940,452,2010
15980,1276,2010
16020,99,2010
16180,71,2010
16220,807,2010
16300,855,2010
16580,529,2010
16620,358,2010
16700,3060,2010
16740,5288,2010
16820,1105,2010
16860,1086,2010
16940,238,2010
16980,7267,2010
17020,512,2010
17140,3206,2010
17300,1921,2010
17420,550,2010
17460,1941,2010
17660,627,2010
17780,995,2010
17820,1760,2010
17860,607,2010
17900,2942,2010
17980,1384,2010
18020,131,2010
18140,4444,2010
18580,1225,2010
18700,93,2010
18880,547,2010
19060,161,2010
19100,19558,2010
19140,101,2010
19180,13,2010
19260,160,2010
19340,702,2010
19380,758,2010
19460,165,2010
19500,101,2010
19660,715,2010
19740,5042,2010
19780,2815,2010
19820,3210,2010
20020,321,2010
20100,813,2010
20220,548,2010
20260,486,2010
20500,1913,2010
20740,357,2010
20940,102,2010
21340,4549,2010
21060,1242,2010
21140,234,2010
21300,76,2010
21500,586,2010
21660,550,2010
21780,644,2010
21820,42,2010
22020,1318,2010
22140,273,2010
22180,3609,2010
22220,1221,2010
22380,315,2010
22420,78,2010
22500,476,2010
22520,232,2010
22540,229,2010
22660,1153,2010
22900,690,2010
23060,885,2010
23420,2248,2010
23460,105,2010
23540,490,2010
23580,184,2010
24020,279,2010
24140,279,2010
24220,200,2010
24300,408,2010
24340,843,2010
24500,150,2010
24540,863,2010
24580,1134,2010
24660,1903,2010
24780,678,2010
24860,1542,2010
25060,1744,2010
25180,699,2010
25260,265,2010
25420,1612,2010
25500,462,2010
25540,1279,2010
25620,74,2010
25860,448,2010
25980,111,2010
26100,434,2010
26180,1891,2010
26300,38,2010
26380,365,2010
26420,27452,2010
26580,248,2010
26620,2275,2010
26820,390,2010
26900,5921,2010
26980,553,2010
27060,153,2010
27100,63,2010
27140,1391,2010
27180,249,2010
27260,3606,2010
27340,2375,2010
27500,111,2010
27620,222,2010
27740,741,2010
27780,117,2010
27860,611,2010
27900,202,2010
28020,367,2010
28100,71,2010
28140,2714,2010
28420,2022,2010
28660,2241,2010
28700,464,2010
28740,334,2010
28940,2273,2010
29020,18,2010
29100,327,2010
29140,531,2010
29180,849,2010
29340,975,2010
29420,262,2010
29460,1200,2010
29540,1381,2010
29620,677,2010
29700,663,2010
29740,974,2010
29820,5474,2010
29940,288,2010
30020,326,2010
30140,240,2010
30300,75,2010
30340,206,2010
30460,1361,2010
30620,116,2010
30700,1032,2010
30780,3559,2010
30860,655,2010
30980,491,2010
31020,131,2010
31100,10394,2010
31140,2525,2010
31180,1451,2010
31340,700,2010
31420,368,2010
31460,192,2010
31540,1198,2010
31700,682,2010
31740,830,2010
31860,331,2010
31900,45,2010
32580,3552,2010
32780,373,2010
32820,2429,2010
32900,106,2010
33100,5877,2010
33140,228,2010
33260,394,2010
33340,1929,2010
33460,5726,2010
33540,368,2010
33660,1026,2010
33700,292,2010
33740,441,2010
33780,117,2010
33860,993,2010
34060,301,2010
34100,206,2010
34580,207,2010
34620,50,2010
34740,106,2010
34820,1508,2010
34900,110,2010
34940,1259,2010
34980,5092,2010
35300,1019,2010
35380,2171,2010
35620,18668,2010
35660,133,2010
35840,1955,2010
35980,344,2010
36100,481,2010
36140,434,2010
36220,708,2010
36260,1509,2010
36420,3635,2010
36500,1156,2010
36540,3223,2010
36740,5254,2010
36780,359,2010
36980,338,2010
37100,590,2010
37340,1144,2010
37380,278,2010
37460,309,2010
37620,159,2010
37700,329,2010
37860,1754,2010
37900,793,2010
37980,7053,2010
38060,8300,2010
38220,126,2010
38300,3615,2010
38340,139,2010
38540,149,2010
38940,492,2010
38860,1260,2010
38900,4476,2010
39100,1343,2010
39140,339,2010
39300,1439,2010
39340,1985,2010
39380,234,2010
39460,425,2010
39540,240,2010
39580,5213,2010
39660,642,2010
39740,415,2010
39820,253,2010
39900,606,2010
40060,3456,2010
40140,6336,2010
40220,436,2010
40340,477,2010
40380,1449,2010
40420,299,2010
40580,212,2010
40660,55,2010
40900,2702,2010
40980,137,2010
41420,699,2010
41500,279,2010
41540,194,2010
41620,2989,2010
41660,177,2010
41700,6865,2010
41740,3494,2010
41860,4621,2010
41940,4179,2010
42020,468,2010
41780,47,2010
42060,400,2010
42100,158,2010
42140,96,2010
42220,477,2010
42340,1301,2010
42540,687,2010
42660,10040,2010
42680,307,2010
43100,69,2010
43300,327,2010
43340,1300,2010
43580,275,2010
43620,1081,2010
43780,383,2010
43900,562,2010
44060,1609,2010
44100,399,2010
44140,633,2010
44180,1338,2010
44220,57,2010
41060,314,2010
41100,893,2010
41140,131,2010
41180,5660,2010
44300,426,2010
44600,25,2010
44700,813,2010
44940,353,2010
45060,1139,2010
45220,625,2010
45300,6501,2010
45460,189,2010
45500,237,2010
45780,775,2010
45820,381,2010
45940,655,2010
46060,1938,2010
46140,2616,2010
46220,623,2010
46340,266,2010
46540,314,2010
46660,852,2010
46700,467,2010
47020,103,2010
47220,246,2010
47260,3966,2010
47300,1367,2010
47380,602,2010
47580,646,2010
47900,13065,2010
47940,391,2010
48140,262,2010
48300,320,2010
48540,38,2010
48660,187,2010
48620,1259,2010
48700,207,2010
48900,1830,2010
49020,346,2010
49180,1201,2010
49340,1391,2010
49420,624,2010
49620,1059,2010
49660,325,2010
49700,150,2010
49740,455,2010
10180,159,2011
10420,1122,2011
10500,206,2011
10580,1764,2011
10740,1634,2011
10780,376,2011
10900,1133,2011
11020,75,2011
11100,703,2011
11180,457,2011
11260,524,2011
11300,75,2011
11340,280,2011
11460,477,2011
11500,83,2011
11540,648,2011
11700,1001,2011
12020,327,2011
12060,8634,2011
12100,390,2011
12220,957,2011
12260,2385,2011
12420,10239,2011
12540,969,2011
12580,6153,2011
12620,369,2011
12700,404,2011
12940,3135,2011
12980,49,2011
13020,91,2011
13140,1179,2011
13380,605,2011
13460,459,2011
13740,272,2011
13780,117,2011
13820,2362,2011
13900,844,2011
13980,330,2011
14020,236,2011
14060,620,2011
14260,1840,2011
14460,6139,2011
14500,661,2011
14540,843,2011
14740,540,2011
14860,937,2011
15180,1136,2011
15260,396,2011
15380,1315,2011
15500,556,2011
15540,681,2011
15940,256,2011
15980,1587,2011
16020,122,2011
16180,13,2011
16220,402,2011
16300,731,2011
16580,518,2011
16620,295,2011
16700,3822,2011
16740,6446,2011
16820,1008,2011
16860,1331,2011
16940,279,2011
16980,7593,2011
17020,240,2011
17140,3369,2011
17300,2001,2011
17420,376,2011
17460,1767,2011
17660,623,2011
17780,1444,2011
17820,2275,2011
17860,1052,2011
17900,2897,2011
17980,1060,2011
18020,178,2011
18140,4730,2011
18580,1142,2011
18700,364,2011
18880,749,2011
19060,118,2011
19100,24827,2011
19140,63,2011
19180,12,2011
19260,142,2011
19340,635,2011
19380,752,2011
19460,103,2011
19500,84,2011
19660,1024,2011
19740,6673,2011
19780,2640,2011
19820,3366,2011
20020,288,2011
20100,680,2011
20220,410,2011
20260,444,2011
20500,1924,2011
20740,364,2011
20940,257,2011
21340,4153,2011
21060,714,2011
21140,146,2011
21300,138,2011
21500,311,2011
21660,670,2011
21780,559,2011
21820,39,2011
22020,1536,2011
22140,213,2011
22180,2807,2011
22220,1206,2011
22380,100,2011
22420,66,2011
22500,389,2011
22520,240,2011
22540,237,2011
22660,1192,2011
22900,590,2011
23060,743,2011
23420,1622,2011
23460,99,2011
23540,464,2011
23580,228,2011
24020,242,2011
24140,205,2011
24220,391,2011
24300,359,2011
24340,900,2011
24500,144,2011
24540,889,2011
24580,880,2011
24660,2047,2011
24780,345,2011
24860,1749,2011
25060,1669,2011
25180,529,2011
25260,222,2011
25420,1113,2011
25500,248,2011
25540,1123,2011
25620,64,2011
25860,380,2011
25980,201,2011
26100,611,2011
26180,1724,2011
26300,37,2011
26380,390,2011
26420,31271,2011
26580,269,2011
26620,2019,2011
26820,272,2011
26900,5259,2011
26980,762,2011
27060,153,2011
27100,57,2011
27140,1360,2011
27180,174,2011
27260,3911,2011
27340,2031,2011
27500,99,2011
27620,211,2011
27740,399,2011
27780,62,2011
27860,765,2011
27900,310,2011
28020,351,2011
28100,62,2011
28140,3287,2011
28420,1697,2011
28660,2208,2011
28700,385,2011
28740,230,2011
28940,1180,2011
29020,39,2011
29100,300,2011
29140,1244,2011
29180,859,2011
29340,1195,2011
29420,196,2011
29460,1156,2011
29540,1204,2011
29620,416,2011
29700,956,2011
29740,644,2011
29820,5147,2011
29940,490,2011
30020,280,2011
30140,175,2011
30300,65,2011
30340,148,2011
30460,1501,2011
30620,51,2011
30700,1059,2011
30780,3230,2011
30860,542,2011
30980,477,2011
31020,113,2011
31100,14247,2011
31140,2397,2011
31180,1507,2011
31340,529,2011
31420,396,2011
31460,291,2011
31540,1443,2011
31700,702,2011
31740,767,2011
31860,281,2011
31900,42,2011
32580,3105,2011
32780,362,2011
32820,2210,2011
32900,157,2011
33100,7532,2011
33140,143,2011
33260,539,2011
33340,1578,2011
33460,5148,2011
33540,563,2011
33660,1541,2011
33700,164,2011
33740,405,2011
33780,110,2011
33860,972,2011
34060,399,2011
34100,134,2011
34580,179,2011
34620,82,2011
34740,95,2011
34820,1776,2011
34900,154,2011
34940,1320,2011
34980,5394,2011
35300,689,2011
35380,2328,2011
35620,21539,2011
35660,136,2011
35840,2385,2011
35980,209,2011
36100,361,2011
36140,452,2011
36220,740,2011
36260,1849,2011
36420,3261,2011
36500,1028,2011
36540,3133,2011
36740,6505,2011
36780,385,2011
36980,278,2011
37100,568,2011
37340,882,2011
37380,152,2011
37460,343,2011
37620,102,2011
37700,303,2011
37860,1205,2011
37900,470,2011
37980,6979,2011
38060,9081,2011
38220,69,2011
38300,2914,2011
38340,122,2011
38540,83,2011
38940,539,2011
38860,1112,2011
38900,5213,2011
39100,1190,2011
39140,302,2011
39300,1178,2011
39340,1932,2011
39380,118,2011
39460,312,2011
39540,107,2011
39580,6366,2011
39660,412,2011
39740,306,2011
39820,138,2011
39900,556,2011
40060,2709,2011
40140,4736,2011
40220,510,2011
40340,332,2011
40380,1523,2011
40420,168,2011
40580,192,2011
40660,109,2011
40900,2491,2011
40980,177,2011
41420,431,2011
41500,156,2011
41540,169,2011
41620,3457,2011
41660,145,2011
41700,7127,2011
41740,5370,2011
41860,5783,2011
41940,3097,2011
42020,306,2011
41780,48,2011
42060,231,2011
42100,208,2011
42140,94,2011
42220,632,2011
42340,1625,2011
42540,439,2011
42660,11230,2011
42680,372,2011
43100,73,2011
43300,76,2011
43340,1401,2011
43580,176,2011
43620,1129,2011
43780,467,2011
43900,532,2011
44060,1785,2011
44100,391,2011
44140,512,2011
44180,1304,2011
44220,142,2011
41060,368,2011
41100,893,2011
41140,118,2011
41180,4407,2011
44300,259,2011
44600,19,2011
44700,933,2011
44940,345,2011
45060,1220,2011
45220,1039,2011
45300,6342,2011
45460,423,2011
45500,361,2011
45780,603,2011
45820,264,2011
45940,400,2011
46060,2242,2011
46140,3565,2011
46220,743,2011
46340,262,2011
46540,254,2011
46660,660,2011
46700,387,2011
47020,148,2011
47220,182,2011
47260,5559,2011
47300,922,2011
47380,523,2011
47580,653,2011
47900,19657,2011
47940,410,2011
48140,276,2011
48300,246,2011
48540,27,2011
48660,170,2011
48620,1062,2011
48700,156,2011
48900,1831,2011
49020,452,2011
49180,1412,2011
49340,791,2011
49420,438,2011
49620,638,2011
49660,256,2011
49700,146,2011
49740,360,2011
10180,455,2012
10420,618,2012
10500,229,2012
10580,2226,2012
10740,2084,2012
10780,482,2012
10900,1069,2012
11020,97,2012
11100,1627,2012
11180,447,2012
11260,575,2012
11300,68,2012
11340,420,2012
11460,276,2012
11500,71,2012
11540,833,2012
11700,1270,2012
12020,619,2012
12060,14380,2012
12100,441,2012
12220,706,2012
12260,2267,2012
12420,19563,2012
12540,2005,2012
12580,5956,2012
12620,313,2012
12700,592,2012
12940,3387,2012
12980,137,2012
13020,95,2012
13140,1273,2012
13380,637,2012
13460,801,2012
13740,621,2012
13780,116,2012
13820,3301,2012
13900,1954,2012
13980,337,2012
14020,421,2012
14060,535,2012
14260,3556,2012
14460,8851,2012
14500,1295,2012
14540,916,2012
14740,804,2012
14860,2138,2012
15180,1154,2012
15260,464,2012
15380,1252,2012
15500,358,2012
15540,647,2012
15940,471,2012
15980,2043,2012
16020,230,2012
16180,51,2012
16220,507,2012
16300,788,2012
16580,734,2012
16620,277,2012
16700,4593,2012
16740,12247,2012
16820,1212,2012
16860,1315,2012
16940,371,2012
16980,9357,2012
17020,351,2012
17140,3604,2012
17300,1896,2012
17420,410,2012
17460,2332,2012
17660,878,2012
17780,2003,2012
17820,3011,2012
17860,1228,2012
17900,3729,2012
17980,1232,2012
18020,200,2012
18140,6811,2012
18580,1496,2012
18700,312,2012
18880,922,2012
19060,88,2012
19100,35042,2012
19140,63,2012
19180,13,2012
19260,161,2012
19340,686,2012
19380,1136,2012
19460,142,2012
19500,79,2012
19660,760,2012
19740,13760,2012
19780,4167,2012
19820,4525,2012
20020,554,2012
20100,865,2012
20220,395,2012
20260,474,2012
20500,3314,2012
20740,605,2012
20940,287,2012
21340,4355,2012
21060,507,2012
21140,221,2012
21300,139,2012
21500,488,2012
21660,802,2012
21780,749,2012
21820,46,2012
22020,2211,2012
22140,176,2012
22180,3040,2012
22220,1923,2012
22380,818,2012
22420,122,2012
22500,313,2012
22520,456,2012
22540,249,2012
22660,1868,2012
22900,625,2012
23060,1230,2012
23420,1844,2012
23460,90,2012
23540,624,2012
23580,303,2012
24020,296,2012
24140,263,2012
24220,515,2012
24300,355,2012
24340,1286,2012
24500,129,2012
24540,1241,2012
24580,923,2012
24660,1887,2012
24780,781,2012
24860,2398,2012
25060,1520,2012
25180,723,2012
25260,272,2012
25420,1916,2012
25500,644,2012
25540,1323,2012
25620,228,2012
25860,335,2012
25980,219,2012
26100,771,2012
26180,1724,2012
26300,44,2012
26380,569,2012
26420,43290,2012
26580,282,2012
26620,2347,2012
26820,379,2012
26900,4994,2012
26980,795,2012
27060,269,2012
27100,78,2012
27140,1421,2012
27180,520,2012
27260,7166,2012
27340,2260,2012
27500,125,2012
27620,226,2012
27740,604,2012
27780,71,2012
27860,988,2012
27900,279,2012
28020,470,2012
28100,72,2012
28140,4981,2012
28420,1625,2012
28660,2646,2012
28700,439,2012
28740,214,2012
28940,1904,2012
29020,177,2012
29100,338,2012
29140,543,2012
29180,1343,2012
29340,605,2012
29420,345,2012
29460,1522,2012
29540,1160,2012
29620,599,2012
29700,1506,2012
29740,951,2012
29820,7375,2012
29940,471,2012
30020,287,2012
30140,224,2012
30300,33,2012
30340,129,2012
30460,2318,2012
30620,80,2012
30700,1249,2012
30780,3313,2012
30860,841,2012
30980,695,2012
31020,132,2012
31100,17447,2012
31140,3671,2012
31180,1467,2012
31340,901,2012
31420,505,2012
31460,157,2012
31540,2442,2012
31700,620,2012
31740,675,2012
31860,529,2012
31900,53,2012
32580,3492,2012
32780,549,2012
32820,3506,2012
32900,137,2012
33100,13261,2012
33140,306,2012
33260,1009,2012
33340,1764,2012
33460,11493,2012
33540,337,2012
33660,896,2012
33700,285,2012
33740,613,2012
33780,136,2012
33860,1250,2012
34060,623,2012
34100,167,2012
34580,229,2012
34620,260,2012
34740,138,2012
34820,2308,2012
34900,112,2012
34940,1612,2012
34980,8247,2012
35300,669,2012
35380,2293,2012
35620,26912,2012
35660,151,2012
35840,3102,2012
35980,291,2012
36100,401,2012
36140,491,2012
36220,1009,2012
36260,2714,2012
36420,6577,2012
36500,1012,2012
36540,3462,2012
36740,12006,2012
36780,273,2012
36980,264,2012
37100,566,2012
37340,1128,2012
37380,243,2012
37460,440,2012
37620,131,2012
37700,350,2012
37860,1494,2012
37900,727,2012
37980,9270,2012
38060,15967,2012
38220,131,2012
38300,3466,2012
38340,89,2012
38540,145,2012
38940,635,2012
38860,1390,2012
38900,7785,2012
39100,1435,2012
39140,452,2012
39300,1361,2012
39340,2439,2012
39380,266,2012
39460,329,2012
39540,163,2012
39580,12926,2012
39660,687,2012
39740,289,2012
39820,205,2012
39900,845,2012
40060,4271,2012
40140,5949,2012
40220,428,2012
40340,526,2012
40380,1600,2012
40420,135,2012
40580,145,2012
40660,43,2012
40900,3408,2012
40980,212,2012
41420,721,2012
41500,246,2012
41540,342,2012
41620,3904,2012
41660,405,2012
41700,8004,2012
41740,5666,2012
41860,9163,2012
41940,5532,2012
42020,417,2012
41780,44,2012
42060,461,2012
42100,237,2012
42140,130,2012
42220,560,2012
42340,1540,2012
42540,470,2012
42660,17666,2012
42680,369,2012
43100,63,2012
43300,76,2012
43340,1577,2012
43580,260,2012
43620,1587,2012
43780,642,2012
43900,727,2012
44060,1353,2012
44100,313,2012
44140,561,2012
44180,1566,2012
44220,115,2012
41060,572,2012
41100,1392,2012
41140,113,2012
41180,5489,2012
44300,862,2012
44600,20,2012
44700,1006,2012
44940,299,2012
45060,1499,2012
45220,1234,2012
45300,10161,2012
45460,240,2012
45500,220,2012
45780,816,2012
45820,312,2012
45940,444,2012
46060,2841,2012
46140,3436,2012
46220,919,2012
46340,353,2012
46540,326,2012
46660,363,2012
46700,538,2012
47020,215,2012
47220,190,2012
47260,5383,2012
47300,673,2012
47380,676,2012
47580,572,2012
47900,22404,2012
47940,609,2012
48140,297,2012
48300,299,2012
48540,36,2012
48660,269,2012
48620,1310,2012
48700,178,2012
48900,3063,2012
49020,383,2012
49180,1281,2012
49340,1125,2012
49420,471,2012
49620,805,2012
49660,263,2012
49700,116,2012
49740,648,2012
10180,306,2013
10420,690,2013
10500,257,2013
10580,2009,2013
10740,2606,2013
10780,402,2013
10900,1350,2013
11020,101,2013
11100,898,2013
11180,536,2013
11260,576,2013
11300,93,2013
11340,572,2013
11460,758,2013
11500,59,2013
11540,829,2013
11700,1524,2013
12020,1079,2013
12060,24297,2013
12100,484,2013
12220,726,2013
12260,2421,2013
12420,20852,2013
12540,2318,2013
12580,8069,2013
12620,251,2013
12700,596,2013
12940,3210,2013
12980,47,2013
13020,61,2013
13140,604,2013
13380,999,2013
13460,1317,2013
13740,2102,2013
13780,111,2013
13820,2776,2013
13900,2091,2013
13980,498,2013
14020,516,2013
14060,674,2013
14260,4365,2013
14460,12021,2013
14500,1625,2013
14540,529,2013
14740,913,2013
14860,2501,2013
15180,1263,2013
15260,444,2013
15380,1934,2013
15500,561,2013
15540,758,2013
15940,636,2013
15980,3176,2013
16020,211,2013
16180,40,2013
16220,603,2013
16300,949,2013
16580,714,2013
16620,488,2013
16700,5417,2013
16740,14009,2013
16820,1006,2013
16860,1942,2013
16940,638,2013
16980,11627,2013
17020,520,2013
17140,4330,2013
17300,1842,2013
17420,451,2013
17460,2741,2013
17660,1277,2013
17780,1625,2013
17820,3587,2013
17860,1232,2013
17900,3645,2013
17980,1039,2013
18020,241,2013
18140,8363,2013
18580,2496,2013
18700,223,2013
18880,1045,2013
19060,89,2013
19100,37910,2013
19140,69,2013
19180,21,2013
19260,196,2013
19340,617,2013
19380,850,2013
19460,140,2013
19500,79,2013
19660,1598,2013
19740,15475,2013
19780,4921,2013
19820,6352,2013
20020,389,2013
20100,889,2013
20220,339,2013
20260,472,2013
20500,4694,2013
20740,656,2013
20940,303,2013
21340,4097,2013
21060,427,2013
21140,303,2013
21300,81,2013
21500,467,2013
21660,1249,2013
21780,844,2013
21820,56,2013
22020,3093,2013
22140,155,2013
22180,1890,2013
22220,2385,2013
22380,359,2013
22420,227,2013
22500,412,2013
22520,333,2013
22540,258,2013
22660,2377,2013
22900,611,2013
23060,1035,2013
23420,2772,2013
23460,75,2013
23540,800,2013
23580,552,2013
24020,251,2013
24140,277,2013
24220,1108,2013
24300,442,2013
24340,1481,2013
24500,147,2013
24540,1935,2013
24580,1270,2013
24660,2032,2013
24780,592,2013
24860,3323,2013
25060,1528,2013
25180,922,2013
25260,255,2013
25420,1667,2013
25500,478,2013
25540,1479,2013
25620,207,2013
25860,428,2013
25980,192,2013
26100,866,2013
26180,2641,2013
26300,41,2013
26380,574,2013
26420,51333,2013
26580,321,2013
26620,2250,2013
26820,531,2013
26900,8151,2013
26980,1069,2013
27060,220,2013
27100,145,2013
27140,1833,2013
27180,212,2013
27260,7358,2013
27340,1658,2013
27500,142,2013
27620,275,2013
27740,844,2013
27780,70,2013
27860,657,2013
27900,466,2013
28020,569,2013
28100,112,2013
28140,7532,2013
28420,1305,2013
28660,2454,2013
28700,417,2013
28740,151,2013
28940,2211,2013
29020,166,2013
29100,484,2013
29140,1085,2013
29180,1554,2013
29340,1156,2013
29420,464,2013
29460,2034,2013
29540,1258,2013
29620,983,2013
29700,1623,2013
29740,784,2013
29820,8573,2013
29940,589,2013
30020,169,2013
30140,448,2013
30300,75,2013
30340,123,2013
30460,1654,2013
30620,63,2013
30700,1587,2013
30780,2495,2013
30860,670,2013
30980,789,2013
31020,195,2013
31100,25198,2013
31140,4017,2013
31180,2048,2013
31340,989,2013
31420,448,2013
31460,219,2013
31540,2966,2013
31700,567,2013
31740,567,2013
31860,506,2013
31900,70,2013
32580,3294,2013
32780,644,2013
32820,3650,2013
32900,154,2013
33100,19921,2013
33140,113,2013
33260,1824,2013
33340,1949,2013
33460,12033,2013
33540,569,2013
33660,872,2013
33700,319,2013
33740,633,2013
33780,200,2013
33860,854,2013
34060,137,2013
34100,172,2013
34580,283,2013
34620,284,2013
34740,184,2013
34820,3173,2013
34900,215,2013
34940,2678,2013
34980,10889,2013
35300,815,2013
35380,2616,2013
35620,39824,2013
35660,191,2013
35840,5423,2013
35980,372,2013
36100,630,2013
36140,658,2013
36220,1290,2013
36260,2692,2013
36420,7505,2013
36500,1289,2013
36540,4464,2013
36740,15563,2013
36780,387,2013
36980,521,2013
37100,1001,2013
37340,1373,2013
37380,553,2013
37460,592,2013
37620,92,2013
37700,286,2013
37860,2131,2013
37900,618,2013
37980,11217,2013
38060,18737,2013
38220,137,2013
38300,4563,2013
38340,99,2013
38540,172,2013
38940,1117,2013
38860,1818,2013
38900,11730,2013
39100,1153,2013
39140,861,2013
39300,1974,2013
39340,3423,2013
39380,158,2013
39460,553,2013
39540,210,2013
39580,11431,2013
39660,956,2013
39740,500,2013
39820,204,2013
39900,1720,2013
40060,5005,2013
40140,9348,2013
40220,685,2013
40340,638,2013
40380,1292,2013
40420,96,2013
40580,250,2013
40660,62,2013
40900,4189,2013
40980,211,2013
41420,950,2013
41500,436,2013
41540,734,2013
41620,5528,2013
41660,526,2013
41700,6128,2013
41740,8264,2013
41860,10922,2013
41940,7764,2013
42020,647,2013
41780,80,2013
42060,405,2013
42100,294,2013
42140,183,2013
42220,1046,2013
42340,1750,2013
42540,516,2013
42660,19517,2013
42680,551,2013
43100,99,2013
43300,363,2013
43340,1584,2013
43580,385,2013
43620,2409,2013
43780,500,2013
43900,1198,2013
44060,1634,2013
44100,340,2013
44140,544,2013
44180,1975,2013
44220,72,2013
41060,597,2013
41100,1885,2013
41140,123,2013
41180,5548,2013
44300,777,2013
44600,51,2013
44700,1134,2013
44940,583,2013
45060,1046,2013
45220,1280,2013
45300,12152,2013
45460,269,2013
45500,127,2013
45780,874,2013
45820,282,2013
45940,988,2013
46060,3491,2013
46140,3725,2013
46220,1026,2013
46340,373,2013
46540,353,2013
46660,437,2013
46700,775,2013
47020,658,2013
47220,219,2013
47260,7377,2013
47300,946,2013
47380,676,2013
47580,789,2013
47900,24033,2013
47940,431,2013
48140,288,2013
48300,706,2013
48540,50,2013
48660,217,2013
48620,1504,2013
48700,139,2013
48900,4057,2013
49020,421,2013
49180,1503,2013
49340,1341,2013
49420,358,2013
49620,928,2013
49660,356,2013
49700,202,2013
49740,674,2013
10180,284,2014
10420,763,2014
10500,271,2014
10540,393,2014
10580,2231,2014
10740,2543,2014
10780,323,2014
10900,1801,2014
11020,100,2014
11100,918,2014
11180,539,2014
11260,887,2014
11460,570,2014
11500,114,2014
11540,930,2014
11700,1832,2014
12020,930,2014
12060,26683,2014
12100,722,2014
12220,943,2014
12260,2847,2014
12420,19949,2014
12540,2297,2014
12580,7100,2014
12620,231,2014
12700,640,2014
12940,3568,2014
12980,56,2014
13020,62,2014
13140,1606,2014
13220,125,2014
13380,1007,2014
13460,1330,2014
13740,651,2014
13780,85,2014
13820,3364,2014
13900,1771,2014
13980,353,2014
14010,271,2014
14020,539,2014
14100,113,2014
14260,5183,2014
14460,12024,2014
14500,1371,2014
14540,603,2014
14740,598,2014
14860,1889,2014
15180,1417,2014
15260,462,2014
15380,1878,2014
15500,606,2014
15540,706,2014
15680,457,2014
15940,551,2014
15980,4095,2014
16020,187,2014
16060,245,2014
16180,35,2014
16220,330,2014
16300,881,2014
16540,356,2014
16580,1489,2014
16620,321,2014
16700,6155,2014
16740,18537,2014
16820,873,2014
16860,2346,2014
16940,403,2014
16980,15679,2014
17020,550,2014
17140,5206,2014
17300,1507,2014
17420,689,2014
17460,2900,2014
17660,1047,2014
17780,1803,2014
17820,3673,2014
17860,1414,2014
17900,4067,2014
17980,955,2014
18020,254,2014
18140,7044,2014
18580,2864,2014
18700,451,2014
18880,1666,2014
19060,57,2014
19100,41418,2014
19140,121,2014
19180,6,2014
19300,1384,2014
19340,655,2014
19380,779,2014
19460,136,2014
19500,53,2014
19660,1921,2014
19740,15767,2014
19780,4436,2014
19820,6295,2014
20020,336,2014
20100,998,2014
20220,276,2014
20260,598,2014
20500,2587,2014
20700,153,2014
20740,463,2014
20940,246,2014
21340,3043,2014
21060,492,2014
21140,270,2014
21300,61,2014
21500,321,2014
21660,1316,2014
21780,727,2014
21820,54,2014
22020,3766,2014
22140,173,2014
22180,1089,2014
22220,3353,2014
22380,560,2014
22420,343,2014
22500,379,2014
22520,197,2014
22540,240,2014
22660,2498,2014
22900,604,2014
23060,1245,2014
23420,1892,2014
23460,79,2014
23540,799,2014
23580,722,2014
23900,272,2014
24020,368,2014
24140,257,2014
24220,999,2014
24260,304,2014
24300,504,2014
24340,3171,2014
24420,149,2014
24500,463,2014
24540,2708,2014
24580,1004,2014
24660,2632,2014
24780,905,2014
24860,4479,2014
25060,1954,2014
25180,975,2014
25220,592,2014
25260,434,2014
25420,1602,2014
25500,404,2014
25540,1393,2014
25620,166,2014
25860,594,2014
25940,1426,2014
25980,242,2014
26140,233,2014
26300,43,2014
26380,664,2014
26420,63741,2014
26580,358,2014
26620,2817,2014
26820,482,2014
26900,8006,2014
26980,1104,2014
27060,301,2014
27100,89,2014
27140,1962,2014
27180,205,2014
27260,7781,2014
27340,1081,2014
27500,143,2014
27620,240,2014
27740,706,2014
27780,61,2014
27860,680,2014
27900,408,2014
27980,338,2014
28020,561,2014
28100,127,2014
28140,8201,2014
28420,1264,2014
28660,2371,2014
28700,340,2014
28740,289,2014
28940,3109,2014
29020,140,2014
29100,298,2014
29180,2362,2014
29200,1081,2014
29340,1302,2014
29420,535,2014
29460,2559,2014
29540,1109,2014
29620,755,2014
29700,1719,2014
29740,617,2014
29820,10036,2014
29940,347,2014
30020,114,2014
30140,348,2014
30300,90,2014
30340,91,2014
30460,1888,2014
30620,61,2014
30700,1994,2014
30780,2082,2014
30860,784,2014
30980,290,2014
31020,178,2014
31080,26950,2014
31140,4011,2014
31180,2136,2014
31340,921,2014
31420,218,2014
31460,214,2014
31540,3805,2014
31700,968,2014
31740,514,2014
31860,430,2014
31900,61,2014
32580,3473,2014
32780,747,2014
32820,3154,2014
32900,169,2014
33100,15259,2014
33140,125,2014
33220,262,2014
33260,1556,2014
33340,2355,2014
33460,11425,2014
33540,578,2014
33660,746,2014
33700,454,2014
33740,726,2014
33780,239,2014
33860,1129,2014
34060,101,2014
34100,151,2014
34580,274,2014
34620,98,2014
34740,181,2014
34820,5446,2014
34900,147,2014
34940,3610,2014
34980,14944,2014
35100,264,2014
35300,1140,2014
35380,2991,2014
35620,47984,2014
35660,184,2014
35840,5658,2014
35980,646,2014
36100,754,2014
36140,638,2014
36220,556,2014
36260,2678,2014
36420,7870,2014
36500,1003,2014
36540,4192,2014
36740,16115,2014
36780,511,2014
36980,323,2014
37100,1314,2014
37340,1286,2014
37460,693,2014
37620,124,2014
37860,1825,2014
37900,890,2014
37980,13631,2014
38060,20341,2014
38220,55,2014
38300,4190,2014
38340,177,2014
38540,162,2014
38940,1394,2014
38860,1696,2014
38900,12356,2014
39140,968,2014
39300,1775,2014
39340,5295,2014
39380,157,2014
39460,610,2014
39540,207,2014
39580,11647,2014
39660,671,2014
39740,458,2014
39820,242,2014
39900,2216,2014
40060,4312,2014
40140,10166,2014
40220,511,2014
40340,832,2014
40380,1791,2014
40420,150,2014
40580,216,2014
40660,75,2014
40900,4159,2014
40980,214,2014
41420,944,2014
41500,361,2014
41540,2796,2014
41620,5318,2014
41660,629,2014
41700,10332,2014
41740,6875,2014
41860,10001,2014
41940,10037,2014
42020,983,2014
42100,291,2014
42140,161,2014
42200,755,2014
42220,663,2014
42340,2211,2014
42540,2301,2014
42660,21953,2014
42680,707,2014
42700,92,2014
43100,111,2014
43300,271,2014
43340,1719,2014
43420,261,2014
43580,408,2014
43620,2330,2014
43780,512,2014
43900,1104,2014
44060,1960,2014
44100,455,2014
44140,506,2014
44180,2105,2014
44220,53,2014
41060,577,2014
41100,1628,2014
41140,104,2014
41180,6992,2014
44300,511,2014
44420,603,2014
44700,1265,2014
44940,289,2014
45060,1163,2014
45220,1260,2014
45300,12386,2014
45460,338,2014
45500,133,2014
45540,2570,2014
45780,1075,2014
45820,315,2014
45940,368,2014
46060,3250,2014
46140,4533,2014
46220,1386,2014
46340,389,2014
46520,1578,2014
46540,236,2014
46660,410,2014
46700,646,2014
47020,835,2014
47220,212,2014
47260,5715,2014
47300,1092,2014
47380,1471,2014
47460,214,2014
47580,780,2014
47900,24804,2014
47940,407,2014
48060,519,2014
48140,383,2014
48260,41,2014
48300,460,2014
48540,61,2014
48660,157,2014
48620,1514,2014
48700,214,2014
48900,2208,2014
49020,525,2014
49180,2085,2014
49340,1384,2014
49420,442,2014
49620,816,2014
49660,313,2014
49700,280,2014
49740,594,2014
10180,535,2015
10420,967,2015
10500,203,2015
10540,365,2015
10580,3623,2015
10740,2295,2015
10780,289,2015
10900,1356,2015
11020,117,2015
11100,880,2015
11180,555,2015
11260,933,2015
11460,420,2015
11500,61,2015
11540,1119,2015
11700,2161,2015
12020,1159,2015
12060,30342,2015
12100,710,2015
12220,838,2015
12260,3035,2015
12420,22370,2015
12540,2200,2015
12580,8264,2015
12620,555,2015
12700,572,2015
12940,3569,2015
12980,59,2015
13020,147,2015
13140,1132,2015
13220,100,2015
13380,1144,2015
13460,2227,2015
13740,1764,2015
13780,249,2015
13820,3733,2015
13900,1082,2015
13980,476,2015
14010,396,2015
14020,395,2015
14100,190,2015
14260,5499,2015
14460,15036,2015
14500,1249,2015
14540,1147,2015
14740,918,2015
14860,2598,2015
15180,1285,2015
15260,535,2015
15380,1677,2015
15500,1032,2015
15540,916,2015
15680,641,2015
15940,558,2015
15980,6879,2015
16020,179,2015
16060,137,2015
16180,43,2015
16220,271,2015
16300,1073,2015
16540,231,2015
16580,1235,2015
16620,283,2015
16700,6590,2015
16740,19543,2015
16820,989,2015
16860,2093,2015
16940,440,2015
16980,15813,2015
17020,621,2015
17140,4661,2015
17300,1342,2015
17420,732,2015
17460,2938,2015
17660,1414,2015
17780,1712,2015
17820,3665,2015
17860,1433,2015
17900,4642,2015
17980,1244,2015
18020,233,2015
18140,7555,2015
18580,2153,2015
18700,142,2015
18880,2027,2015
19060,84,2015
19100,57146,2015
19140,159,2015
19180,10,2015
19300,2203,2015
19340,751,2015
19380,980,2015
19460,139,2015
19500,47,2015
19660,2047,2015
19740,18326,2015
19780,5707,2015
19820,7304,2015
20020,327,2015
20100,1061,2015
20220,255,2015
20260,841,2015
20500,4411,2015
20700,152,2015
20740,677,2015
20940,293,2015
21340,4491,2015
21060,308,2015
21140,309,2015
21300,78,2015
21500,267,2015
21660,721,2015
21780,763,2015
21820,7,2015
22020,2719,2015
22140,118,2015
22180,1386,2015
22220,3793,2015
22380,566,2015
22420,413,2015
22500,424,2015
22520,338,2015
22540,195,2015
22660,2434,2015
22900,466,2015
23060,1355,2015
23420,2322,2015
23460,83,2015
23540,1214,2015
23580,946,2015
23900,240,2015
24020,381,2015
24140,248,2015
24220,529,2015
24260,300,2015
24300,486,2015
24340,3672,2015
24420,237,2015
24500,226,2015
24540,3186,2015
24580,1018,2015
24660,2212,2015
24780,538,2015
24860,5896,2015
25060,1712,2015
25180,978,2015
25220,627,2015
25260,591,2015
25420,1615,2015
25500,406,2015
25540,1582,2015
25620,212,2015
25860,805,2015
25940,2102,2015
25980,545,2015
26140,378,2015
26300,59,2015
26380,663,2015
26420,56901,2015
26580,291,2015
26620,2607,2015
26820,862,2015
26900,8735,2015
26980,1327,2015
27060,279,2015
27100,117,2015
27140,1569,2015
27180,214,2015
27260,9671,2015
27340,894,2015
27500,216,2015
27620,270,2015
27740,689,2015
27780,47,2015
27860,482,2015
27900,531,2015
27980,502,2015
28020,623,2015
28100,89,2015
28140,8954,2015
28420,1464,2015
28660,2310,2015
28700,705,2015
28740,307,2015
28940,3060,2015
29020,441,2015
29100,497,2015
29180,2483,2015
29200,527,2015
29340,1034,2015
29420,636,2015
29460,3039,2015
29540,1154,2015
29620,1056,2015
29700,1848,2015
29740,760,2015
29820,10605,2015
29940,839,2015
30020,100,2015
30140,384,2015
30300,139,2015
30340,74,2015
30460,2206,2015
30620,77,2015
30700,2548,2015
30780,2699,2015
30860,614,2015
30980,248,2015
31020,178,2015
31080,34034,2015
31140,3979,2015
31180,1856,2015
31340,797,2015
31420,317,2015
31460,211,2015
31540,3498,2015
31700,921,2015
31740,496,2015
31860,808,2015
31900,62,2015
32580,4306,2015
32780,717,2015
32820,3951,2015
32900,232,2015
33100,23450,2015
33140,159,2015
33220,130,2015
33260,1030,2015
33340,3001,2015
33460,11673,2015
33540,574,2015
33660,907,2015
33700,413,2015
33740,605,2015
33780,291,2015
33860,1099,2015
34060,166,2015
34100,188,2015
34580,438,2015
34620,46,2015
34740,241,2015
34820,6154,2015
34900,172,2015
34940,4060,2015
34980,18291,2015
35100,435,2015
35300,1161,2015
35380,2495,2015
35620,86424,2015
35660,208,2015
35840,7141,2015
35980,531,2015
36100,1055,2015
36140,614,2015
36220,612,2015
36260,3120,2015
36420,6004,2015
36500,1020,2015
36540,4157,2015
36740,20474,2015
36780,710,2015
36980,243,2015
37100,1433,2015
37340,1918,2015
37460,988,2015
37620,177,2015
37860,2634,2015
37900,502,2015
37980,12317,2015
38060,22402,2015
38220,31,2015
38300,5264,2015
38340,214,2015
38540,190,2015
38940,1601,2015
38860,1980,2015
38900,13967,2015
39140,1377,2015
39300,1818,2015
39340,4549,2015
39380,282,2015
39460,1129,2015
39540,217,2015
39580,11987,2015
39660,798,2015
39740,416,2015
39820,375,2015
39900,2787,2015
40060,4875,2015
40140,9926,2015
40220,763,2015
40340,1776,2015
40380,2652,2015
40420,134,2015
40580,263,2015
40660,93,2015
40900,6184,2015
40980,382,2015
41420,1297,2015
41500,587,2015
41540,3031,2015
41620,6755,2015
41660,236,2015
41700,7824,2015
41740,9883,2015
41860,13386,2015
41940,5788,2015
42020,821,2015
42100,335,2015
42140,110,2015
42200,1082,2015
42220,621,2015
42340,2407,2015
42540,831,2015
42660,25008,2015
42680,873,2015
42700,162,2015
43100,123,2015
43300,340,2015
43340,1107,2015
43420,215,2015
43580,510,2015
43620,1926,2015
43780,524,2015
43900,1418,2015
44060,2738,2015
44100,383,2015
44140,458,2015
44180,2223,2015
44220,63,2015
41060,858,2015
41100,1658,2015
41140,211,2015
41180,7698,2015
44300,389,2015
44420,287,2015
44700,2431,2015
44940,217,2015
45060,1194,2015
45220,896,2015
45300,15653,2015
45460,215,2015
45500,333,2015
45540,1568,2015
45780,715,2015
45820,388,2015
45940,896,2015
46060,2428,2015
46140,3774,2015
46220,747,2015
46340,470,2015
46520,3833,2015
46540,246,2015
46660,627,2015
46700,1434,2015
47020,139,2015
47220,237,2015
47260,6722,2015
47300,1275,2015
47380,1507,2015
47460,214,2015
47580,1048,2015
47900,23007,2015
47940,414,2015
48060,147,2015
48140,241,2015
48260,48,2015
48300,593,2015
48540,115,2015
48660,80,2015
48620,2021,2015
48700,159,2015
48900,2358,2015
49020,774,2015
49180,2044,2015
49340,1385,2015
49420,395,2015
49620,778,2015
49660,311,2015
49700,371,2015
49740,768,2015
10180,306,2016
10420,909,2016
10500,230,2016
10540,405,2016
10580,2853,2016
10740,2465,2016
10780,390,2016
10900,1263,2016
11020,183,2016
11100,740,2016
11180,709,2016
11260,1046,2016
11460,438,2016
11500,77,2016
11540,743,2016
11700,3203,2016
12020,584,2016
12060,36357,2016
12100,1083,2016
12220,891,2016
12260,2968,2016
12420,21861,2016
12540,2256,2016
12580,8070,2016
12620,271,2016
12700,505,2016
12940,3426,2016
12980,44,2016
13020,71,2016
13140,1094,2016
13220,72,2016
13380,1183,2016
13460,2274,2016
13740,1206,2016
13780,338,2016
13820,3312,2016
13900,856,2016
13980,543,2016
14010,342,2016
14020,501,2016
14100,150,2016
14260,6758,2016
14460,13247,2016
14500,1849,2016
14540,1345,2016
14740,1059,2016
14860,1903,2016
15180,1569,2016
15260,526,2016
15380,1964,2016
15500,1353,2016
15540,861,2016
15680,698,2016
15940,554,2016
15980,5417,2016
16020,172,2016
16060,136,2016
16180,159,2016
16220,165,2016
16300,787,2016
16540,327,2016
16580,1011,2016
16620,185,2016
16700,6974,2016
16740,20574,2016
16820,1234,2016
16860,2487,2016
16940,476,2016
16980,19941,2016
17020,697,2016
17140,5867,2016
17300,1679,2016
17420,532,2016
17460,3053,2016
17660,1666,2016
17780,2860,2016
17820,5166,2016
17860,1304,2016
17900,4627,2016
17980,709,2016
18020,300,2016
18140,8637,2016
18580,1910,2016
18700,195,2016
18880,2529,2016
19060,85,2016
19100,55800,2016
19140,173,2016
19180,10,2016
19300,2520,2016
19340,647,2016
19380,1282,2016
19460,194,2016
19500,56,2016
19660,2696,2016
19740,21947,2016
19780,6697,2016
19820,7659,2016
20020,360,2016
20100,1276,2016
20220,368,2016
20260,621,2016
20500,4382,2016
20700,246,2016
20740,763,2016
20940,215,2016
21340,3054,2016
21060,467,2016
21140,354,2016
21300,41,2016
21420,70,2016
21500,338,2016
21660,1174,2016
21780,947,2016
21820,11,2016
22020,2479,2016
22140,104,2016
22180,953,2016
22220,4421,2016
22380,647,2016
22420,374,2016
22500,495,2016
22520,315,2016
22540,365,2016
22660,3532,2016
22900,703,2016
23060,1536,2016
23420,2904,2016
23460,97,2016
23540,1110,2016
23580,1578,2016
23900,347,2016
24020,359,2016
24140,269,2016
24220,443,2016
24260,386,2016
24300,597,2016
24340,4717,2016
24420,213,2016
24500,242,2016
24540,3009,2016
24580,1008,2016
24660,2735,2016
24780,861,2016
24860,5753,2016
25060,1776,2016
25180,955,2016
25220,698,2016
25260,605,2016
25420,1627,2016
25500,644,2016
25540,2065,2016
25620,174,2016
25860,655,2016
25940,1784,2016
25980,417,2016
26140,516,2016
26300,45,2016
26380,682,2016
26420,44732,2016
26580,250,2016
26620,2992,2016
26820,881,2016
26900,7773,2016
26980,1921,2016
27060,575,2016
27100,136,2016
27140,1673,2016
27180,278,2016
27260,11768,2016
27340,803,2016
27500,257,2016
27620,322,2016
27740,533,2016
27780,164,2016
27860,1028,2016
27900,422,2016
27980,567,2016
28020,724,2016
28100,86,2016
28140,10389,2016
28420,1887,2016
28660,2328,2016
28700,992,2016
28740,252,2016
28940,3637,2016
29020,318,2016
29100,281,2016
29180,1698,2016
29200,627,2016
29340,1563,2016
29420,683,2016
29460,4567,2016
29540,1287,2016
29620,1225,2016
29700,1158,2016
29740,770,2016
29820,13577,2016
29940,1395,2016
30020,100,2016
30140,432,2016
30300,108,2016
30340,185,2016
30460,2732,2016
30620,76,2016
30700,2384,2016
30780,2327,2016
30860,897,2016
30980,164,2016
31020,308,2016
31080,32114,2016
31140,5149,2016
31180,2648,2016
31340,663,2016
31420,236,2016
31460,300,2016
31540,4953,2016
31700,1097,2016
31740,962,2016
31860,404,2016
31900,69,2016
32580,4568,2016
32780,912,2016
32820,4354,2016
32900,720,2016
33100,18742,2016
33140,108,2016
33220,201,2016
33260,676,2016
33340,3992,2016
33460,14160,2016
33540,930,2016
33660,1195,2016
33700,573,2016
33740,670,2016
33780,511,2016
33860,805,2016
34060,21,2016
34100,236,2016
34580,505,2016
34620,124,2016
34740,233,2016
34820,6525,2016
34900,212,2016
34940,3829,2016
34980,20182,2016
35100,292,2016
35300,918,2016
35380,2986,2016
35620,43231,2016
35660,312,2016
35840,8104,2016
35980,330,2016
36100,1428,2016
36140,642,2016
36220,448,2016
36260,3610,2016
36420,6740,2016
36500,2081,2016
36540,4240,2016
36740,23254,2016
36780,411,2016
36980,377,2016
37100,1609,2016
37340,2915,2016
37460,1055,2016
37620,132,2016
37860,2873,2016
37900,350,2016
37980,12245,2016
38060,28583,2016
38220,46,2016
38300,4403,2016
38340,191,2016
38540,202,2016
38940,1937,2016
38860,2397,2016
38900,14729,2016
39140,1602,2016
39300,2564,2016
39340,5317,2016
39380,282,2016
39460,665,2016
39540,358,2016
39580,13514,2016
39660,971,2016
39740,436,2016
39820,400,2016
39900,3600,2016
40060,4919,2016
40140,10921,2016
40220,542,2016
40340,1737,2016
40380,2067,2016
40420,213,2016
40580,316,2016
40660,226,2016
40900,7204,2016
40980,281,2016
41420,1478,2016
41500,627,2016
41540,3227,2016
41620,8731,2016
41660,172,2016
41700,12241,2016
41740,10791,2016
41860,14787,2016
41940,6167,2016
42020,853,2016
42100,489,2016
42140,117,2016
42200,842,2016
42220,919,2016
42340,1971,2016
42540,1018,2016
42660,25489,2016
42680,1018,2016
42700,128,2016
43100,307,2016
43300,730,2016
43340,1186,2016
43420,149,2016
43580,534,2016
43620,3084,2016
43780,405,2016
43900,1921,2016
44060,3764,2016
44100,426,2016
44140,585,2016
44180,1977,2016
44220,55,2016
41060,1107,2016
41100,2196,2016
41140,101,2016
41180,7711,2016
44300,393,2016
44420,302,2016
44700,1998,2016
44940,273,2016
45060,1370,2016
45220,1613,2016
45300,17752,2016
45460,414,2016
45500,129,2016
45540,1072,2016
45780,827,2016
45820,388,2016
45940,711,2016
46060,2466,2016
46140,3752,2016
46220,1465,2016
46340,581,2016
46520,1658,2016
46540,234,2016
46660,1018,2016
46700,944,2016
47020,65,2016
47220,134,2016
47260,6213,2016
47300,1316,2016
47380,1765,2016
47460,220,2016
47580,839,2016
47900,25687,2016
47940,551,2016
48060,105,2016
48140,245,2016
48260,35,2016
48300,574,2016
48540,34,2016
48660,226,2016
48620,2098,2016
48700,93,2016
48900,2947,2016
49020,882,2016
49180,2727,2016
49340,1623,2016
49420,422,2016
49620,878,2016
49660,466,2016
49700,261,2016
49740,897,2016
10180,322,2017
10420,920,2017
10500,416,2017
10540,539,2017
10580,2346,2017
10740,2256,2017
10780,302,2017
10900,1118,2017
11020,114,2017
11100,775,2017
11180,902,2017
11260,1148,2017
11460,657,2017
11500,69,2017
11540,930,2017
11700,2771,2017
12020,771,2017
12060,33832,2017
12100,1090,2017
12220,1361,2017
12260,3338,2017
12420,26700,2017
12540,2640,2017
12580,6840,2017
12620,304,2017
12700,871,2017
12940,3639,2017
12980,84,2017
13020,70,2017
13140,1302,2017
13220,83,2017
13380,1256,2017
13460,2055,2017
13740,1225,2017
13780,404,2017
13820,2689,2017
13900,632,2017
13980,737,2017
14010,386,2017
14020,604,2017
14100,169,2017
14260,7909,2017
14460,14757,2017
14500,1667,2017
14540,1270,2017
14740,1094,2017
14860,1719,2017
15180,1245,2017
15260,618,2017
15380,1657,2017
15500,1223,2017
15540,870,2017
15680,1164,2017
15940,525,2017
15980,6954,2017
16020,598,2017
16060,130,2017
16180,138,2017
16220,273,2017
16300,992,2017
16540,412,2017
16580,838,2017
16620,135,2017
16700,7267,2017
16740,22869,2017
16820,1276,2017
16860,2631,2017
16940,573,2017
16980,22132,2017
17020,823,2017
17140,6465,2017
17300,1813,2017
17420,639,2017
17460,3227,2017
17660,1778,2017
17780,3083,2017
17820,4965,2017
17860,1634,2017
17900,4629,2017
17980,917,2017
18020,204,2017
18140,8892,2017
18580,1186,2017
18700,136,2017
18880,2471,2017
19060,50,2017
19100,62524,2017
19140,343,2017
19180,104,2017
19300,2417,2017
19340,750,2017
19380,1251,2017
19460,160,2017
19500,39,2017
19660,3054,2017
19740,22735,2017
19780,6367,2017
19820,10089,2017
20020,390,2017
20100,1554,2017
20220,241,2017
20260,665,2017
20500,4924,2017
20700,248,2017
20740,568,2017
20940,191,2017
21340,3277,2017
21060,507,2017
21140,560,2017
21300,101,2017
21420,95,2017
21500,265,2017
21660,842,2017
21780,921,2017
21820,15,2017
22020,1891,2017
22140,91,2017
22180,935,2017
22220,4729,2017
22380,697,2017
22420,434,2017
22500,1021,2017
22520,775,2017
22540,185,2017
22660,2935,2017
22900,721,2017
23060,1722,2017
23420,2933,2017
23460,112,2017
23540,2269,2017
23580,1363,2017
23900,249,2017
24020,264,2017
24140,280,2017
24220,417,2017
24260,282,2017
24300,755,2017
24340,4839,2017
24420,250,2017
24500,205,2017
24540,3646,2017
24580,1176,2017
24660,3055,2017
24780,1137,2017
24860,5299,2017
25060,1938,2017
25180,1257,2017
25220,983,2017
25260,272,2017
25420,1564,2017
25500,452,2017
25540,1507,2017
25620,134,2017
25860,880,2017
25940,2275,2017
25980,505,2017
26140,546,2017
26300,38,2017
26380,437,2017
26420,42395,2017
26580,264,2017
26620,2959,2017
26820,1185,2017
26900,9079,2017
26980,1327,2017
27060,468,2017
27100,193,2017
27140,1743,2017
27180,440,2017
27260,12959,2017
27340,1005,2017
27500,378,2017
27620,322,2017
27740,696,2017
27780,83,2017
27860,866,2017
27900,765,2017
27980,861,2017
28020,1036,2017
28100,198,2017
28140,9851,2017
28420,1809,2017
28660,2456,2017
28700,788,2017
28740,336,2017
28940,4574,2017
29020,92,2017
29100,432,2017
29180,1771,2017
29200,976,2017
29340,1898,2017
29420,913,2017
29460,4604,2017
29540,1436,2017
29620,907,2017
29700,1331,2017
29740,1126,2017
29820,14073,2017
29940,306,2017
30020,84,2017
30140,366,2017
30300,125,2017
30340,252,2017
30460,2326,2017
30620,224,2017
30700,2508,2017
30780,3215,2017
30860,1373,2017
30980,187,2017
31020,484,2017
31080,31084,2017
31140,5785,2017
31180,2388,2017
31340,770,2017
31420,320,2017
31460,415,2017
31540,4632,2017
31700,1033,2017
31740,381,2017
31860,516,2017
31900,77,2017
32580,4297,2017
32780,805,2017
32820,3860,2017
32900,550,2017
33100,19723,2017
33140,157,2017
33220,142,2017
33260,766,2017
33340,3644,2017
33460,15100,2017
33540,972,2017
33660,998,2017
33700,719,2017
33740,752,2017
33780,450,2017
33860,761,2017
34060,77,2017
34100,268,2017
34580,663,2017
34620,72,2017
34740,257,2017
34820,8587,2017
34900,183,2017
34940,4194,2017
34980,20631,2017
35100,295,2017
35300,750,2017
35380,2966,2017
35620,50578,2017
35660,237,2017
35840,8179,2017
35980,295,2017
36100,2246,2017
36140,809,2017
36220,492,2017
36260,3534,2017
36420,5419,2017
36500,1067,2017
36540,4955,2017
36740,19065,2017
36780,549,2017
36980,264,2017
37100,2565,2017
37340,2753,2017
37460,1786,2017
37620,133,2017
37860,2609,2017
37900,257,2017
37980,13544,2017
38060,29312,2017
38220,74,2017
38300,4328,2017
38340,194,2017
38540,223,2017
38940,2287,2017
38860,2517,2017
38900,15983,2017
39140,1976,2017
39300,2010,2017
39340,7245,2017
39380,368,2017
39460,1297,2017
39540,278,2017
39580,14180,2017
39660,779,2017
39740,411,2017
39820,382,2017
39900,4564,2017
40060,7145,2017
40140,14676,2017
40220,592,2017
40340,1449,2017
40380,1778,2017
40420,235,2017
40580,215,2017
40660,157,2017
40900,9503,2017
40980,335,2017
41420,1555,2017
41500,776,2017
41540,3605,2017
41620,7367,2017
41660,197,2017
41700,12516,2017
41740,10441,2017
41860,16952,2017
41940,8539,2017
42020,1094,2017
42100,407,2017
42140,221,2017
42200,1280,2017
42220,1178,2017
42340,2118,2017
42540,580,2017
42660,27334,2017
42680,1121,2017
42700,181,2017
43100,390,2017
43300,843,2017
43340,1125,2017
43420,202,2017
43580,473,2017
43620,2914,2017
43780,959,2017
43900,2316,2017
44060,3641,2017
44100,322,2017
44140,521,2017
44180,1904,2017
44220,121,2017
41060,819,2017
41100,3209,2017
41140,109,2017
41180,7295,2017
44300,467,2017
44420,307,2017
44700,2779,2017
44940,222,2017
45060,1159,2017
45220,3053,2017
45300,18268,2017
45460,275,2017
45500,185,2017
45540,1814,2017
45780,971,2017
45820,335,2017
45940,605,2017
46060,4495,2017
46140,3644,2017
46220,1169,2017
46340,678,2017
46520,1968,2017
46540,347,2017
46660,1089,2017
46700,907,2017
47020,61,2017
47220,88,2017
47260,6182,2017
47300,1314,2017
47380,1007,2017
47460,148,2017
47580,1196,2017
47900,27265,2017
47940,708,2017
48060,141,2017
48140,611,2017
48260,29,2017
48300,629,2017
48540,20,2017
48660,119,2017
48620,2731,2017
48700,137,2017
48900,2762,2017
49020,888,2017
49180,3765,2017
49340,1768,2017
49420,434,2017
49620,838,2017
49660,324,2017
49700,303,2017
49740,1101,2017
10180,357,2018
10420,1210,2018
10500,188,2018
10540,540,2018
10580,2239,2018
10740,2186,2018
10780,305,2018
10900,1246,2018
11020,101,2018
11100,750,2018
11180,626,2018
11260,1259,2018
11460,805,2018
11500,70,2018
11540,987,2018
11700,2805,2018
12020,1069,2018
12060,39441,2018
12100,833,2018
12220,1131,2018
12260,2867,2018
12420,30035,2018
12540,2452,2018
12580,9287,2018
12620,261,2018
12700,1005,2018
12940,3922,2018
12980,54,2018
13020,85,2018
13140,1404,2018
13220,86,2018
13380,1464,2018
13460,1983,2018
13740,1476,2018
13780,315,2018
13820,3025,2018
13900,533,2018
13980,566,2018
14010,220,2018
14020,417,2018
14100,194,2018
14260,8917,2018
14460,14183,2018
14500,2954,2018
14540,2199,2018
14740,1149,2018
14860,1097,2018
15180,1487,2018
15260,652,2018
15380,1453,2018
15500,1419,2018
15540,1164,2018
15680,931,2018
15940,528,2018
15980,9721,2018
16020,816,2018
16060,238,2018
16180,310,2018
16220,174,2018
16300,959,2018
16540,423,2018
16580,1506,2018
16620,106,2018
16700,7002,2018
16740,26209,2018
16820,1615,2018
16860,2227,2018
16940,539,2018
16980,17681,2018
17020,703,2018
17140,6076,2018
17300,1803,2018
17420,676,2018
17460,2981,2018
17660,2210,2018
17780,1856,2018
17820,5734,2018
17860,557,2018
17900,4952,2018
17980,1004,2018
18020,170,2018
18140,9440,2018
18580,1727,2018
18700,622,2018
18880,2385,2018
19060,67,2018
19100,63893,2018
19140,321,2018
19180,65,2018
19300,3047,2018
19340,559,2018
19380,1577,2018
19460,152,2018
19500,37,2018
19660,3859,2018
19740,21729,2018
19780,4923,2018
19820,7163,2018
20020,414,2018
20100,1459,2018
20220,322,2018
20260,736,2018
20500,5416,2018
20700,186,2018
20740,762,2018
20940,400,2018
21340,2416,2018
21060,458,2018
21140,351,2018
21300,186,2018
21420,43,2018
21500,305,2018
21660,1389,2018
21780,596,2018
21820,13,2018
22020,2313,2018
22140,71,2018
22180,819,2018
22220,5570,2018
22380,665,2018
22420,630,2018
22500,562,2018
22520,335,2018
22540,275,2018
22660,2944,2018
22900,598,2018
23060,1884,2018
23420,2929,2018
23460,104,2018
23540,1569,2018
23580,1778,2018
23900,224,2018
24020,227,2018
24140,275,2018
24220,355,2018
24260,205,2018
24300,830,2018
24340,3854,2018
24420,227,2018
24500,144,2018
24540,4107,2018
24580,1201,2018
24660,2224,2018
24780,1150,2018
24860,6430,2018
25060,2159,2018
25180,1393,2018
25220,1322,2018
25260,352,2018
25420,2013,2018
25500,483,2018
25540,1587,2018
25620,106,2018
25860,1336,2018
25940,2336,2018
25980,398,2018
26140,884,2018
26300,91,2018
26380,505,2018
26420,57288,2018
26580,260,2018
26620,2941,2018
26820,1037,2018
26900,8894,2018
26980,1367,2018
27060,805,2018
27100,172,2018
27140,1341,2018
27180,280,2018
27260,15450,2018
27340,1036,2018
27500,340,2018
27620,249,2018
27740,635,2018
27780,66,2018
27860,843,2018
27900,640,2018
27980,838,2018
28020,579,2018
28100,157,2018
28140,10268,2018
28420,1901,2018
28660,2460,2018
28700,556,2018
28740,252,2018
28940,4413,2018
29020,349,2018
29100,594,2018
29180,1687,2018
29200,1818,2018
29340,1391,2018
29420,1018,2018
29460,5331,2018
29540,1251,2018
29620,825,2018
29700,1375,2018
29740,965,2018
29820,12044,2018
29940,823,2018
30020,68,2018
30140,299,2018
30300,120,2018
30340,300,2018
30460,2772,2018
30620,86,2018
30700,1804,2018
30780,2174,2018
30860,1211,2018
30980,259,2018
31020,318,2018
31080,29524,2018
31140,5513,2018
31180,1481,2018
31340,430,2018
31420,397,2018
31460,503,2018
31540,3652,2018
31700,1406,2018
31740,241,2018
31860,487,2018
31900,80,2018
32580,4642,2018
32780,933,2018
32820,4492,2018
32900,630,2018
33100,19553,2018
33140,140,2018
33220,88,2018
33260,1227,2018
33340,3769,2018
33460,18206,2018
33540,689,2018
33660,783,2018
33700,759,2018
33740,490,2018
33780,492,2018
33860,654,2018
34060,266,2018
34100,302,2018
34580,585,2018
34620,52,2018
34740,233,2018
34820,7446,2018
34900,269,2018
34940,4386,2018
34980,19159,2018
35100,389,2018
35300,1166,2018
35380,3864,2018
35620,49692,2018
35660,302,2018
35840,10289,2018
35980,666,2018
36100,2817,2018
36140,643,2018
36220,740,2018
36260,3672,2018
36420,5730,2018
36500,1750,2018
36540,4788,2018
36740,28882,2018
36780,378,2018
36980,258,2018
37100,1204,2018
37340,2958,2018
37460,1668,2018
37620,125,2018
37860,2568,2018
37900,334,2018
37980,13156,2018
38060,31343,2018
38220,30,2018
38300,4037,2018
38340,262,2018
38540,404,2018
38940,3970,2018
38860,2624,2018
38900,14180,2018
39140,2079,2018
39300,1963,2018
39340,6841,2018
39380,479,2018
39460,2068,2018
39540,379,2018
39580,15950,2018
39660,834,2018
39740,600,2018
39820,306,2018
39900,4450,2018
40060,6061,2018
40140,14809,2018
40220,515,2018
40340,1816,2018
40380,2206,2018
40420,265,2018
40580,235,2018
40660,210,2018
40900,7873,2018
40980,333,2018
41420,1684,2018
41500,732,2018
41540,3642,2018
41620,8750,2018
41660,262,2018
41700,11497,2018
41740,9834,2018
41860,17421,2018
41940,8744,2018
42020,1050,2018
42100,426,2018
42140,273,2018
42200,928,2018
42220,3279,2018
42340,3158,2018
42540,553,2018
42660,28186,2018
42680,1372,2018
42700,271,2018
43100,191,2018
43300,757,2018
43340,1219,2018
43420,227,2018
43580,468,2018
43620,2388,2018
43780,738,2018
43900,2685,2018
44060,3174,2018
44100,506,2018
44140,659,2018
44180,1953,2018
44220,68,2018
41060,770,2018
41100,2889,2018
41140,93,2018
41180,7338,2018
44300,328,2018
44420,317,2018
44700,3280,2018
44940,279,2018
45060,738,2018
45220,3201,2018
45300,17452,2018
45460,130,2018
45500,191,2018
45540,2076,2018
45780,1096,2018
45820,356,2018
45940,501,2018
46060,4404,2018
46140,3412,2018
46220,1047,2018
46340,660,2018
46520,2410,2018
46540,275,2018
46660,1126,2018
46700,990,2018
47020,70,2018
47220,74,2018
47260,5604,2018
47300,1528,2018
47380,850,2018
47460,225,2018
47580,1378,2018
47900,25757,2018
47940,335,2018
48060,138,2018
48140,308,2018
48260,26,2018
48300,807,2018
48540,116,2018
48660,320,2018
48620,1958,2018
48700,140,2018
48900,2450,2018
49020,934,2018
49180,3499,2018
49340,1769,2018
49420,578,2018
49620,916,2018
49660,374,2018
49700,476,2018
49740,1015,2018
10180,370,2019
10420,945,2019
10500,402,2019
10540,716,2019
10580,1870,2019
10740,2148,2019
10780,333,2019
10900,1345,2019
11020,111,2019
11100,584,2019
11180,549,2019
11260,1163,2019
11460,815,2019
11500,105,2019
11540,577,2019
11700,3254,2019
12020,1591,2019
12060,32836,2019
12100,957,2019
12220,2091,2019
12260,3201,2019
12420,32037,2019
12540,2261,2019
12580,6967,2019
12620,266,2019
12700,513,2019
12940,3622,2019
12980,56,2019
13020,83,2019
13140,1363,2019
13220,77,2019
13380,1821,2019
13460,2028,2019
13740,1154,2019
13780,351,2019
13820,3202,2019
13900,631,2019
13980,632,2019
14010,192,2019
14020,762,2019
14100,111,2019
14260,10632,2019
14460,15088,2019
14500,1650,2019
14540,762,2019
14740,1117,2019
14860,2326,2019
15180,1817,2019
15260,460,2019
15380,1693,2019
15500,1407,2019
15540,867,2019
15680,689,2019
15940,624,2019
15980,9105,2019
16020,795,2019
16060,182,2019
16180,248,2019
16220,177,2019
16300,814,2019
16540,293,2019
16580,1175,2019
16620,318,2019
16700,6695,2019
16740,24637,2019
16820,1375,2019
16860,2697,2019
16940,432,2019
16980,18085,2019
17020,1426,2019
17140,6023,2019
17300,2657,2019
17420,755,2019
17460,3032,2019
17660,2526,2019
17780,1480,2019
17820,5508,2019
17860,799,2019
17900,4424,2019
17980,1097,2019
18020,189,2019
18140,8090,2019
18580,1815,2019
18700,542,2019
18880,3544,2019
19060,105,2019
19100,62708,2019
19140,326,2019
19180,12,2019
19300,3150,2019
19340,801,2019
19430,1231,2019
19460,177,2019
19500,35,2019
19660,4753,2019
19740,19308,2019
19780,5269,2019
19820,7813,2019
20020,423,2019
20100,1340,2019
20220,262,2019
20260,1032,2019
20500,5795,2019
20700,176,2019
20740,745,2019
20940,398,2019
21340,3066,2019
21060,491,2019
21140,350,2019
21300,220,2019
21420,26,2019
21500,161,2019
21660,1071,2019
21780,930,2019
21820,22,2019
22020,1425,2019
22140,89,2019
22180,1839,2019
22220,6905,2019
22380,728,2019
22420,576,2019
22500,1129,2019
22520,281,2019
22540,255,2019
22660,2490,2019
22900,609,2019
23060,1956,2019
23420,3393,2019
23460,71,2019
23540,2567,2019
23580,1479,2019
23900,220,2019
24020,241,2019
24140,323,2019
24220,195,2019
24260,177,2019
24300,818,2019
24340,4155,2019
24420,231,2019
24500,134,2019
24540,4387,2019
24580,1130,2019
24660,2423,2019
24780,1030,2019
24860,6563,2019
25060,2256,2019
25180,1565,2019
25220,988,2019
25260,409,2019
25420,2018,2019
25500,361,2019
25540,1263,2019
25620,138,2019
25860,1308,2019
25940,2886,2019
25980,959,2019
26140,865,2019
26300,118,2019
26380,521,2019
26420,63672,2019
26580,253,2019
26620,3566,2019
26820,1096,2019
26900,9721,2019
26980,1152,2019
27060,823,2019
27100,386,2019
27140,1371,2019
27180,450,2019
27260,14687,2019
27340,1331,2019
27500,644,2019
27620,270,2019
27740,718,2019
27780,54,2019
27860,889,2019
27900,704,2019
27980,657,2019
28020,642,2019
28100,85,2019
28140,9347,2019
28420,2141,2019
28660,2579,2019
28700,597,2019
28740,389,2019
28940,3947,2019
29020,239,2019
29100,541,2019
29180,1666,2019
29200,1350,2019
29340,1386,2019
29420,1111,2019
29460,8726,2019
29540,1496,2019
29620,1026,2019
29700,1602,2019
29740,978,2019
29820,13903,2019
29940,455,2019
30020,67,2019
30140,322,2019
30300,181,2019
30340,228,2019
30460,2246,2019
30620,191,2019
30700,2098,2019
30780,3005,2019
30860,1679,2019
30980,276,2019
31020,351,2019
31080,30554,2019
31140,5766,2019
31180,2254,2019
31340,582,2019
31420,420,2019
31460,644,2019
31540,3343,2019
31700,1252,2019
31740,336,2019
31860,237,2019
31900,61,2019
32580,5370,2019
32780,921,2019
32820,3674,2019
32900,948,2019
33100,20688,2019
33140,115,2019
33220,114,2019
33260,1306,2019
33340,2419,2019
33460,22414,2019
33540,664,2019
33660,746,2019
33700,699,2019
33740,516,2019
33780,323,2019
33860,775,2019
34060,34,2019
34100,454,2019
34580,518,2019
34620,58,2019
34740,339,2019
34820,7840,2019
34900,749,2019
34940,3991,2019
34980,22702,2019
35100,552,2019
35300,1453,2019
35380,4026,2019
35620,61168,2019
35660,206,2019
35840,10009,2019
35980,537,2019
36100,2367,2019
36140,863,2019
36220,1782,2019
36260,3895,2019
36420,6557,2019
36500,1713,2019
36540,4100,2019
36740,24470,2019
36780,334,2019
36980,325,2019
37100,1146,2019
37340,4202,2019
37460,1795,2019
37620,142,2019
37860,3222,2019
37900,308,2019
37980,15607,2019
38060,35873,2019
38220,43,2019
38300,3984,2019
38340,276,2019
38540,315,2019
38940,4277,2019
38860,2875,2019
38900,16815,2019
39100,1913,2019
39150,2180,2019
39300,2048,2019
39340,6947,2019
39380,488,2019
39460,2329,2019
39540,322,2019
39580,13320,2019
39660,722,2019
39740,628,2019
39820,544,2019
39900,5263,2019
40060,8340,2019
40140,14599,2019
40220,702,2019
40340,1111,2019
40380,2021,2019
40420,300,2019
40580,232,2019
40660,263,2019
40900,9431,2019
40980,248,2019
41420,2036,2019
41500,480,2019
41540,4074,2019
41620,10680,2019
41660,283,2019
41700,15895,2019
41740,8216,2019
41860,13881,2019
41940,6230,2019
42020,1094,2019
42100,429,2019
42140,589,2019
42200,1175,2019
42220,2429,2019
42340,2591,2019
42540,528,2019
42660,26599,2019
42680,1459,2019
42700,253,2019
43100,186,2019
43300,998,2019
43340,1040,2019
43420,254,2019
43580,579,2019
43620,2119,2019
43780,428,2019
43900,2599,2019
44060,3300,2019
44100,329,2019
44140,794,2019
44180,1621,2019
44220,76,2019
41060,718,2019
41100,3557,2019
41140,220,2019
41180,7054,2019
44300,441,2019
44420,654,2019
44700,3499,2019
44940,407,2019
45060,757,2019
45220,2345,2019
45300,23540,2019
45460,87,2019
45500,82,2019
45540,2928,2019
45780,1414,2019
45820,322,2019
45940,538,2019
46060,4313,2019
46140,4306,2019
46220,1474,2019
46300,835,2019
46340,657,2019
46520,2279,2019
46540,352,2019
46660,1276,2019
46700,1089,2019
47020,201,2019
47220,132,2019
47260,5908,2019
47300,1872,2019
47380,1222,2019
47460,190,2019
47580,1282,2019
47900,26804,2019
47940,489,2019
48060,138,2019
48140,579,2019
48260,25,2019
48300,955,2019
48540,12,2019
48660,189,2019
48620,2126,2019
48700,78,2019
48900,3575,2019
49020,896,2019
49180,3334,2019
49340,1917,2019
49420,1043,2019
49620,1313,2019
49660,330,2019
49700,678,2019
49740,1206,2019
10180,663,2020
10420,914,2020
10500,367,2020
10540,796,2020
10580,2046,2020
10740,2014,2020
10780,313,2020
10900,1688,2020
11020,96,2020
11100,1022,2020
11180,270,2020
11260,1030,2020
11460,1065,2020
11500,102,2020
11540,1311,2020
11700,3432,2020
12020,1218,2020
12060,32346,2020
12100,667,2020
12220,2221,2020
12260,3556,2020
12420,42264,2020
12540,2502,2020
12580,8094,2020
12620,337,2020
12700,592,2020
12940,3780,2020
12980,90,2020
13020,135,2020
13140,1753,2020
13220,75,2020
13380,1382,2020
13460,2338,2020
13740,1435,2020
13780,446,2020
13820,3845,2020
13900,715,2020
13980,1748,2020
14010,265,2020
14020,650,2020
14100,90,2020
14260,9762,2020
14460,14248,2020
14500,1634,2020
14540,978,2020
14740,1285,2020
14860,1862,2020
15180,1904,2020
15260,542,2020
15380,1444,2020
15500,1784,2020
15540,1103,2020
15680,555,2020
15940,690,2020
15980,10673,2020
16020,141,2020
16060,183,2020
16180,263,2020
16220,208,2020
16300,644,2020
16540,330,2020
16580,1547,2020
16620,336,2020
16700,8604,2020
16740,26548,2020
16820,1673,2020
16860,3061,2020
16940,550,2020
16980,14995,2020
17020,1837,2020
17140,7297,2020
17300,3805,2020
17420,713,2020
17460,3374,2020
17660,2929,2020
17780,2103,2020
17820,6932,2020
17860,934,2020
17900,4872,2020
17980,1828,2020
18020,169,2020
18140,12358,2020
18580,1923,2020
18700,302,2020
18880,2755,2020
19060,94,2020
19100,60812,2020
19140,445,2020
19180,7,2020
19300,3614,2020
19340,582,2020
19430,1699,2020
19460,224,2020
19500,31,2020
19660,6443,2020
19740,19732,2020
19780,6508,2020
19820,7165,2020
20020,488,2020
20100,2136,2020
20220,277,2020
20260,565,2020
20500,5505,2020
20700,212,2020
20740,992,2020
20940,480,2020
21340,2562,2020
21060,762,2020
21140,488,2020
21300,184,2020
21420,23,2020
21500,201,2020
21660,1391,2020
21780,1121,2020
21820,19,2020
22020,1976,2020
22140,98,2020
22180,1960,2020
22220,6365,2020
22380,941,2020
22420,485,2020
22500,764,2020
22520,296,2020
22540,148,2020
22660,2565,2020
22900,655,2020
23060,1786,2020
23420,3130,2020
23460,113,2020
23540,2080,2020
23580,1706,2020
23900,226,2020
24020,306,2020
24140,414,2020
24220,488,2020
24260,271,2020
24300,1004,2020
24340,3436,2020
24420,316,2020
24500,151,2020
24540,4185,2020
24580,1433,2020
24660,3147,2020
24780,719,2020
24860,8734,2020
25060,3021,2020
25180,1742,2020
25220,1577,2020
25260,306,2020
25420,1460,2020
25500,596,2020
25540,1399,2020
25620,144,2020
25860,1567,2020
25940,2977,2020
25980,721,2020
26140,927,2020
26300,88,2020
26380,547,2020
26420,70540,2020
26580,254,2020
26620,4341,2020
26820,1173,2020
26900,10998,2020
26980,1019,2020
27060,329,2020
27100,159,2020
27140,1178,2020
27180,475,2020
27260,17246,2020
27340,1435,2020
27500,671,2020
27620,253,2020
27740,1051,2020
27780,59,2020
27860,1058,2020
27900,973,2020
27980,526,2020
28020,496,2020
28100,93,2020
28140,10728,2020
28420,1965,2020
28660,3629,2020
28700,734,2020
28740,265,2020
28940,5396,2020
29020,162,2020
29100,379,2020
29180,2550,2020
29200,1397,2020
29340,1230,2020
29420,1403,2020
29460,9492,2020
29540,1338,2020
29620,1100,2020
29700,1447,2020
29740,1109,2020
29820,14100,2020
29940,414,2020
30020,103,2020
30140,434,2020
30300,260,2020
30340,275,2020
30460,2330,2020
30620,175,2020
30700,2038,2020
30780,3081,2020
30860,1701,2020
30980,387,2020
31020,346,2020
31080,26930,2020
31140,4551,2020
31180,3857,2020
31340,920,2020
31420,522,2020
31460,852,2020
31540,5268,2020
31700,868,2020
31740,405,2020
31860,450,2020
31900,205,2020
32580,4894,2020
32780,886,2020
32820,4797,2020
32900,1019,2020
33100,21758,2020
33140,120,2020
33220,123,2020
33260,1292,2020
33340,2698,2020
33460,22341,2020
33540,789,2020
33660,937,2020
33700,552,2020
33740,466,2020
33780,367,2020
33860,979,2020
34060,25,2020
34100,548,2020
34580,561,2020
34620,171,2020
34740,268,2020
34820,9139,2020
34900,770,2020
34940,4473,2020
34980,27158,2020
35100,735,2020
35300,1373,2020
35380,4348,2020
35620,54835,2020
35660,260,2020
35840,9489,2020
35980,456,2020
36100,3827,2020
36140,675,2020
36220,1188,2020
36260,5462,2020
36420,7431,2020
36500,1161,2020
36540,5473,2020
36740,24499,2020
36780,554,2020
36980,348,2020
37100,1501,2020
37340,4739,2020
37460,2846,2020
37620,83,2020
37860,4391,2020
37900,272,2020
37980,16201,2020
38060,48219,2020
38220,73,2020
38300,4824,2020
38340,211,2020
38540,772,2020
38940,5238,2020
38860,2855,2020
38900,13446,2020
39100,1696,2020
39150,1891,2020
39300,2068,2020
39340,7967,2020
39380,579,2020
39460,2933,2020
39540,224,2020
39580,16958,2020
39660,1320,2020
39740,515,2020
39820,393,2020
39900,4504,2020
40060,8190,2020
40140,15232,2020
40220,769,2020
40340,906,2020
40380,2242,2020
40420,192,2020
40580,339,2020
40660,282,2020
40900,11164,2020
40980,245,2020
41420,2008,2020
41500,753,2020
41540,5108,2020
41620,11033,2020
41660,686,2020
41700,16697,2020
41740,9472,2020
41860,10156,2020
41940,5851,2020
42020,911,2020
42100,244,2020
42140,577,2020
42200,1027,2020
42220,1395,2020
42340,3026,2020
42540,584,2020
42660,23039,2020
42680,1162,2020
42700,384,2020
43100,365,2020
43300,1181,2020
43340,1000,2020
43420,337,2020
43580,779,2020
43620,3550,2020
43780,555,2020
43900,2876,2020
44060,3362,2020
44100,335,2020
44140,760,2020
44180,2213,2020
44220,139,2020
41060,615,2020
41100,3314,2020
41140,256,2020
41180,7863,2020
44300,380,2020
44420,501,2020
44700,3914,2020
44940,408,2020
45060,777,2020
45220,2445,2020
45300,20348,2020
45460,140,2020
45500,96,2020
45540,3698,2020
45780,1557,2020
45820,544,2020
45940,832,2020
46060,4958,2020
46140,4924,2020
46220,1269,2020
46300,1053,2020
46340,828,2020
46520,1621,2020
46540,414,2020
46660,1366,2020
46700,1733,2020
47020,132,2020
47220,179,2020
47260,6951,2020
47300,1575,2020
47380,1214,2020
47460,154,2020
47580,1307,2020
47900,25166,2020
47940,351,2020
48060,129,2020
48140,532,2020
48260,30,2020
48300,991,2020
48540,55,2020
48660,238,2020
48620,2024,2020
48700,52,2020
48900,3857,2020
49020,798,2020
49180,4216,2020
49340,1830,2020
49420,575,2020
49620,1204,2020
49660,324,2020
49700,586,2020
49740,1290,2020
10180,883,2021
10420,1215,2021
10500,224,2021
10540,620,2021
10580,2697,2021
10740,4021,2021
10780,289,2021
10900,2606,2021
11020,94,2021
11100,736,2021
11180,394,2021
11260,1183,2021
11460,916,2021
11500,68,2021
11540,1429,2021
11700,4238,2021
12020,1848,2021
12060,39466,2021
12100,804,2021
12220,1851,2021
12260,4280,2021
12420,50907,2021
12540,2293,2021
12580,7834,2021
12620,368,2021
12700,672,2021
12940,4460,2021
12980,108,2021
13020,74,2021
13140,1585,2021
13220,103,2021
13380,1871,2021
13460,2737,2021
13740,979,2021
13780,499,2021
13820,3984,2021
13900,792,2021
13980,386,2021
14010,283,2021
14020,2086,2021
14100,159,2021
14260,12196,2021
14460,16602,2021
14500,1237,2021
14540,2137,2021
14740,2285,2021
14860,1292,2021
15180,2052,2021
15260,723,2021
15380,1553,2021
15500,2294,2021
15540,1049,2021
15680,359,2021
15940,953,2021
15980,13394,2021
16020,177,2021
16060,99,2021
16180,307,2021
16220,275,2021
16300,898,2021
16540,382,2021
16580,616,2021
16620,260,2021
16700,8282,2021
16740,30126,2021
16820,1427,2021
16860,3673,2021
16940,737,2021
16980,18511,2021
17020,2050,2021
17140,8429,2021
17300,4112,2021
17420,790,2021
17460,3340,2021
17660,2426,2021
17780,2300,2021
17820,9335,2021
17860,1029,2021
17900,6881,2021
17980,1133,2021
18020,231,2021
18140,12062,2021
18580,2575,2021
18700,284,2021
18880,3892,2021
19060,69,2021
19100,78705,2021
19140,732,2021
19180,6,2021
19300,3705,2021
19340,629,2021
19430,2039,2021
19460,226,2021
19500,33,2021
19660,8214,2021
19740,30006,2021
19780,6969,2021
19820,8598,2021
20020,494,2021
20100,1873,2021
20220,537,2021
20260,708,2021
20500,5900,2021
20700,370,2021
20740,1279,2021
20940,555,2021
21340,2989,2021
21060,526,2021
21140,458,2021
21300,138,2021
21420,35,2021
21500,217,2021
21660,2136,2021
21780,1349,2021
21820,36,2021
22020,2289,2021
22140,97,2021
22180,2307,2021
22220,7120,2021
22380,1051,2021
22420,510,2021
22500,766,2021
22520,359,2021
22540,235,2021
22660,3221,2021
22900,662,2021
23060,1978,2021
23420,3902,2021
23460,188,2021
23540,2743,2021
23580,2249,2021
23900,438,2021
24020,384,2021
24140,482,2021
24220,227,2021
24260,305,2021
24300,1231,2021
24340,3705,2021
24420,333,2021
24500,272,2021
24540,5268,2021
24580,1408,2021
24660,3964,2021
24780,1275,2021
24860,10604,2021
25060,2769,2021
25180,1768,2021
25220,1508,2021
25260,508,2021
25420,1542,2021
25500,655,2021
25540,1508,2021
25620,153,2021
25860,1880,2021
25940,3698,2021
25980,837,2021
26140,1983,2021
26300,330,2021
26380,587,2021
26420,69263,2021
26580,305,2021
26620,6172,2021
26820,1478,2021
26900,13451,2021
26980,1167,2021
27060,644,2021
27100,176,2021
27140,1416,2021
27180,537,2021
27260,22738,2021
27340,1597,2021
27500,617,2021
27620,246,2021
27740,819,2021
27780,62,2021
27860,1147,2021
27900,991,2021
27980,880,2021
28020,419,2021
28100,140,2021
28140,11254,2021
28420,2149,2021
28660,4312,2021
28700,679,2021
28740,342,2021
28940,5990,2021
29020,190,2021
29100,694,2021
29180,3044,2021
29200,1212,2021
29340,1064,2021
29420,1637,2021
29460,13071,2021
29540,1039,2021
29620,1016,2021
29700,1684,2021
29740,1338,2021
29820,16307,2021
29940,518,2021
30020,117,2021
30140,507,2021
30300,127,2021
30340,221,2021
30460,2943,2021
30620,226,2021
30700,2607,2021
30780,3635,2021
30860,1309,2021
30980,579,2021
31020,348,2021
31080,31151,2021
31140,5508,2021
31180,3404,2021
31340,692,2021
31420,563,2021
31460,1066,2021
31540,7194,2021
31700,1342,2021
31740,278,2021
31860,480,2021
31900,115,2021
32580,6055,2021
32780,1142,2021
32820,5205,2021
32900,1017,2021
33100,25313,2021
33140,138,2021
33220,159,2021
33260,872,2021
33340,2929,2021
33460,26077,2021
33540,1798,2021
33660,1022,2021
33700,811,2021
33740,620,2021
33780,265,2021
33860,1014,2021
34060,21,2021
34100,993,2021
34580,914,2021
34620,113,2021
34740,328,2021
34820,12219,2021
34900,1204,2021
34940,6766,2021
34980,32191,2021
35100,406,2021
35300,983,2021
35380,5282,2021
35620,56661,2021
35660,331,2021
35840,15924,2021
35980,456,2021
36100,6229,2021
36140,917,2021
36220,1406,2021
36260,7482,2021
36420,8080,2021
36500,2054,2021
36540,6382,2021
36740,30618,2021
36780,948,2021
36980,398,2021
37100,1477,2021
37340,5174,2021
37460,2610,2021
37620,109,2021
37860,4051,2021
37900,379,2021
37980,36307,2021
38060,50581,2021
38220,46,2021
38300,5223,2021
38340,193,2021
38540,510,2021
38940,8403,2021
38860,3712,2021
38900,15023,2021
39100,2282,2021
39150,2481,2021
39300,2258,2021
39340,11175,2021
39380,742,2021
39460,4830,2021
39540,245,2021
39580,21649,2021
39660,1562,2021
39740,493,2021
39820,368,2021
39900,5337,2021
40060,9547,2021
40140,15606,2021
40220,869,2021
40340,1135,2021
40380,1774,2021
40420,280,2021
40580,640,2021
40660,204,2021
40900,12434,2021
40980,195,2021
41420,2154,2021
41500,882,2021
41540,5552,2021
41620,11642,2021
41660,333,2021
41700,22264,2021
41740,10048,2021
41860,13606,2021
41940,4529,2021
42020,1120,2021
42100,598,2021
42140,840,2021
42200,1152,2021
42220,2618,2021
42340,3227,2021
42540,644,2021
42660,30743,2021
42680,1592,2021
42700,644,2021
43100,268,2021
43300,1048,2021
43340,1136,2021
43420,434,2021
43580,457,2021
43620,3986,2021
43780,492,2021
43900,3614,2021
44060,3415,2021
44100,332,2021
44140,745,2021
44180,2638,2021
44220,199,2021
41060,624,2021
41100,3484,2021
41140,108,2021
41180,8326,2021
44300,654,2021
44420,413,2021
44700,4389,2021
44940,472,2021
45060,693,2021
45220,2905,2021
45300,24831,2021
45460,170,2021
45500,259,2021
45540,4611,2021
45780,1210,2021
45820,717,2021
45940,544,2021
46060,6284,2021
46140,4920,2021
46220,1496,2021
46300,1068,2021
46340,912,2021
46520,1438,2021
46540,456,2021
46660,1535,2021
46700,1378,2021
47020,391,2021
47220,185,2021
47260,7377,2021
47300,1510,2021
47380,1107,2021
47460,261,2021
47580,1534,2021
47900,27414,2021
47940,205,2021
48060,161,2021
48140,680,2021
48260,34,2021
48300,1000,2021
48540,96,2021
48660,191,2021
48620,2384,2021
48700,56,2021
48900,4418,2021
49020,1022,2021
49180,4206,2021
49340,2053,2021
49420,1103,2021
49620,1316,2021
49660,400,2021
49700,981,2021
49740,1291,2021
10180,799,2022
10420,3047,2022
10500,202,2022
10540,327,2022
10580,2635,2022
10740,2852,2022
10780,353,2022
10900,2232,2022
11020,123,2022
11100,982,2022
11180,328,2022
11260,213,2022
11460,656,2022
11500,78,2022
11540,767,2022
11700,3531,2022
12020,2345,2022
12060,48501,2022
12100,762,2022
12220,2192,2022
12260,4190,2022
12420,42362,2022
12540,2688,2022
12580,6588,2022
12620,415,2022
12700,887,2022
12940,3770,2022
12980,95,2022
13020,67,2022
13140,1368,2022
13220,104,2022
13380,1614,2022
13460,2113,2022
13740,1202,2022
13780,445,2022
13820,4147,2022
13900,610,2022
13980,500,2022
14010,437,2022
14020,563,2022
14100,135,2022
14260,10475,2022
14460,13595,2022
14500,1642,2022
14540,1636,2022
14740,1701,2022
14860,1831,2022
15180,2506,2022
15260,1568,2022
15380,1591,2022
15500,1949,2022
15540,1124,2022
15680,238,2022
15940,810,2022
15980,13621,2022
16020,94,2022
16060,150,2022
16180,272,2022
16220,208,2022
16300,947,2022
16540,410,2022
16580,920,2022
16620,160,2022
16700,9491,2022
16740,27212,2022
16820,1500,2022
16860,3081,2022
16940,1163,2022
16980,17635,2022
17020,1853,2022
17140,6166,2022
17300,4093,2022
17420,924,2022
17460,3733,2022
17660,2039,2022
17780,1775,2022
17820,8844,2022
17860,779,2022
17900,5804,2022
17980,1648,2022
18020,209,2022
18140,12075,2022
18580,1900,2022
18700,286,2022
18880,4122,2022
19060,66,2022
19100,77927,2022
19140,480,2022
19180,2,2022
19300,3417,2022
19340,597,2022
19430,2265,2022
19460,279,2022
19500,21,2022
19660,8746,2022
19740,23009,2022
19780,6122,2022
19820,7945,2022
20020,498,2022
20100,1056,2022
20220,163,2022
20260,756,2022
20500,6392,2022
20700,249,2022
20740,1030,2022
20940,551,2022
21340,2465,2022
21060,1171,2022
21140,387,2022
21300,81,2022
21420,46,2022
21500,238,2022
21660,1759,2022
21780,1186,2022
21820,27,2022
22020,2315,2022
22140,143,2022
22180,2483,2022
22220,7246,2022
22380,738,2022
22420,406,2022
22500,759,2022
22520,274,2022
22540,142,2022
22660,2572,2022
22900,732,2022
23060,2335,2022
23420,3662,2022
23460,157,2022
23540,3137,2022
23580,2067,2022
23900,394,2022
24020,292,2022
24140,418,2022
24220,165,2022
24260,234,2022
24300,969,2022
24340,4198,2022
24420,338,2022
24500,543,2022
24540,6166,2022
24580,1249,2022
24660,2993,2022
24780,928,2022
24860,8244,2022
25060,2903,2022
25180,2148,2022
25220,1458,2022
25260,436,2022
25420,2711,2022
25500,710,2022
25540,1945,2022
25620,154,2022
25860,2637,2022
25940,2951,2022
25980,844,2022
26140,1628,2022
26300,99,2022
26380,872,2022
26420,75633,2022
26580,255,2022
26620,4035,2022
26820,1380,2022
26900,13533,2022
26980,1429,2022
27060,239,2022
27100,141,2022
27140,1234,2022
27180,456,2022
27260,23163,2022
27340,1322,2022
27500,396,2022
27620,179,2022
27740,1024,2022
27780,94,2022
27860,1149,2022
27900,1197,2022
27980,684,2022
28020,457,2022
28100,116,2022
28140,11213,2022
28420,1886,2022
28660,4016,2022
28700,939,2022
28740,446,2022
28940,4838,2022
29020,164,2022
29100,401,2022
29180,2071,2022
29200,1538,2022
29340,1122,2022
29420,2079,2022
29460,12211,2022
29540,1429,2022
29620,973,2022
29700,1272,2022
29740,1105,2022
29820,13066,2022
29940,401,2022
30020,79,2022
30140,364,2022
30300,134,2022
30340,484,2022
30460,2709,2022
30620,109,2022
30700,3349,2022
30780,3338,2022
30860,1108,2022
30980,745,2022
31020,585,2022
31080,32873,2022
31140,5376,2022
31180,3279,2022
31340,805,2022
31420,622,2022
31460,966,2022
31540,5579,2022
31700,844,2022
31740,301,2022
31860,609,2022
31900,247,2022
32580,5951,2022
32780,1080,2022
32820,4301,2022
32900,730,2022
33100,19721,2022
33140,322,2022
33220,130,2022
33260,594,2022
33340,3172,2022
33460,23725,2022
33540,1078,2022
33660,750,2022
33700,674,2022
33740,489,2022
33780,266,2022
33860,797,2022
34060,11,2022
34100,969,2022
34580,579,2022
34620,201,2022
34740,548,2022
34820,12000,2022
34900,1100,2022
34940,5517,2022
34980,28314,2022
35100,690,2022
35300,1346,2022
35380,3443,2022
35620,69753,2022
35660,286,2022
35840,15780,2022
35980,445,2022
36100,6489,2022
36140,838,2022
36220,888,2022
36260,5027,2022
36420,7048,2022
36500,1538,2022
36540,6120,2022
36740,28683,2022
36780,459,2022
36980,247,2022
37100,1368,2022
37340,5258,2022
37460,2288,2022
37620,66,2022
37860,3519,2022
37900,290,2022
37980,14371,2022
38060,47804,2022
38220,67,2022
38300,5867,2022
38340,126,2022
38540,542,2022
38940,7804,2022
38860,3762,2022
38900,12978,2022
39100,1798,2022
39150,2366,2022
39300,2123,2022
39340,8287,2022
39380,497,2022
39460,5676,2022
39540,163,2022
39580,22390,2022
39660,1645,2022
39740,386,2022
39820,375,2022
39900,5812,2022
40060,10414,2022
40140,16747,2022
40220,771,2022
40340,1723,2022
40380,2653,2022
40420,318,2022
40580,427,2022
40660,310,2022
40900,10800,2022
40980,175,2022
41420,2817,2022
41500,1086,2022
41540,4919,2022
41620,10102,2022
41660,322,2022
41700,24336,2022
41740,9346,2022
41860,11180,2022
41940,9428,2022
42020,1111,2022
42100,608,2022
42140,590,2022
42200,1096,2022
42220,2264,2022
42340,3192,2022
42540,608,2022
42660,26661,2022
42680,1183,2022
42700,663,2022
43100,146,2022
43300,2220,2022
43340,915,2022
43420,529,2022
43580,449,2022
43620,5554,2022
43780,742,2022
43900,2596,2022
44060,4022,2022
44100,210,2022
44140,740,2022
44180,1706,2022
44220,183,2022
41060,696,2022
41100,3196,2022
41140,95,2022
41180,9130,2022
44300,654,2022
44420,442,2022
44700,3485,2022
44940,502,2022
45060,532,2022
45220,3059,2022
45300,29968,2022
45460,216,2022
45500,161,2022
45540,4439,2022
45780,1119,2022
45820,429,2022
45940,643,2022
46060,5714,2022
46140,5123,2022
46220,1043,2022
46300,605,2022
46340,830,2022
46520,2526,2022
46540,324,2022
46660,1302,2022
46700,1154,2022
47020,204,2022
47220,120,2022
47260,6313,2022
47300,2385,2022
47380,1393,2022
47460,170,2022
47580,2495,2022
47900,35906,2022
47940,264,2022
48060,179,2022
48140,487,2022
48260,33,2022
48300,861,2022
48540,18,2022
48660,378,2022
48620,2850,2022
48700,113,2022
48900,4421,2022
49020,1041,2022
49180,5480,2022
49340,2252,2022
49420,706,2022
49620,1362,2022
49660,364,2022
49700,738,2022
49740,852,2022
10180,462,2023
10420,940,2023
10500,183,2023
10540,377,2023
10580,1907,2023
10740,2834,2023
10780,241,2023
10900,1735,2023
11020,110,2023
11100,672,2023
11180,262,2023
11260,457,2023
11460,1597,2023
11500,64,2023
11540,753,2023
11700,3926,2023
12020,1026,2023
12060,38639,2023
12100,383,2023
12220,1403,2023
12260,3559,2023
12420,38773,2023
12540,2451,2023
12580,7539,2023
12620,404,2023
12700,547,2023
12940,3281,2023
12980,131,2023
13020,38,2023
13140,1181,2023
13220,91,2023
13380,894,2023
13460,2397,2023
13740,349,2023
13780,338,2023
13820,3392,2023
13900,298,2023
13980,489,2023
14010,215,2023
14020,576,2023
14100,108,2023
14260,9891,2023
14460,10822,2023
14500,1642,2023
14540,1455,2023
14740,2258,2023
14860,1527,2023
15180,1952,2023
15260,786,2023
15380,1261,2023
15500,2730,2023
15540,1196,2023
15680,386,2023
15940,512,2023
15980,13556,2023
16020,79,2023
16060,135,2023
16180,242,2023
16220,218,2023
16300,768,2023
16540,737,2023
16580,609,2023
16620,185,2023
16700,8573,2023
16740,29419,2023
16820,1309,2023
16860,3016,2023
16940,287,2023
16980,15028,2023
17020,929,2023
17140,6241,2023
17300,2939,2023
17420,821,2023
17460,3491,2023
17660,2043,2023
17780,1462,2023
17820,5277,2023
17860,681,2023
17900,5465,2023
17980,639,2023
18020,156,2023
18140,11440,2023
18580,1851,2023
18700,404,2023
18880,5596,2023
19060,72,2023
19100,68029,2023
19140,496,2023
19180,8,2023
19300,4363,2023
19340,614,2023
19430,1766,2023
19460,319,2023
19500,34,2023
19660,7082,2023
19740,20650,2023
19780,5000,2023
19820,6734,2023
20020,458,2023
20100,1105,2023
20220,195,2023
20260,842,2023
20500,7210,2023
20700,222,2023
20740,1501,2023
20940,263,2023
21340,2247,2023
21060,1857,2023
21140,287,2023
21300,79,2023
21420,10,2023
21500,224,2023
21660,1239,2023
21780,898,2023
21820,49,2023
22020,2089,2023
22140,117,2023
22180,2576,2023
22220,6915,2023
22380,1123,2023
22420,380,2023
22500,737,2023
22520,201,2023
22540,133,2023
22660,2686,2023
22900,683,2023
23060,2436,2023
23420,3154,2023
23460,106,2023
23540,1945,2023
23580,1319,2023
23900,338,2023
24020,238,2023
24140,538,2023
24220,165,2023
24260,399,2023
24300,1246,2023
24340,3603,2023
24420,209,2023
24500,151,2023
24540,3627,2023
24580,993,2023
24660,3507,2023
24780,1374,2023
24860,7684,2023
25060,3049,2023
25180,1754,2023
25220,1213,2023
25260,747,2023
25420,1864,2023
25500,595,2023
25540,2114,2023
25620,169,2023
25860,2379,2023
25940,2954,2023
25980,711,2023
26140,2202,2023
26300,84,2023
26380,617,2023
26420,68755,2023
26580,290,2023
26620,5940,2023
26820,1808,2023
26900,12554,2023
26980,1266,2023
27060,343,2023
27100,155,2023
27140,1201,2023
27180,434,2023
27260,20326,2023
27340,1419,2023
27500,313,2023
27620,192,2023
27740,1044,2023
27780,47,2023
27860,1027,2023
27900,797,2023
27980,606,2023
28020,718,2023
28100,86,2023
28140,7514,2023
28420,2059,2023
28660,3580,2023
28700,798,2023
28740,344,2023
28940,6401,2023
29020,138,2023
29100,472,2023
29180,2386,2023
29200,2093,2023
29340,1032,2023
29420,2241,2023
29460,12513,2023
29540,1859,2023
29620,949,2023
29700,1542,2023
29740,861,2023
29820,13073,2023
29940,223,2023
30020,153,2023
30140,259,2023
30300,138,2023
30340,347,2023
30460,2442,2023
30620,77,2023
30700,2137,2023
30780,2664,2023
30860,1040,2023
30980,364,2023
31020,308,2023
31080,30767,2023
31140,6731,2023
31180,2514,2023
31340,1092,2023
31420,567,2023
31460,1109,2023
31540,5361,2023
31700,1382,2023
31740,257,2023
31860,561,2023
31900,132,2023
32580,6899,2023
32780,1384,2023
32820,4058,2023
32900,406,2023
33100,21320,2023
33140,233,2023
33220,156,2023
33260,818,2023
33340,2844,2023
33460,18633,2023
33540,656,2023
33660,917,2023
33700,810,2023
33740,417,2023
33780,258,2023
33860,844,2023
34060,17,2023
34100,832,2023
34580,486,2023
34620,82,2023
34740,312,2023
34820,13176,2023
34900,331,2023
34940,3618,2023
34980,23558,2023
35100,540,2023
35300,1934,2023
35380,3072,2023
35620,63030,2023
35660,355,2023
35840,15928,2023
35980,352,2023
36100,5197,2023
36140,803,2023
36220,690,2023
36260,3400,2023
36420,6736,2023
36500,1512,2023
36540,4719,2023
36740,25415,2023
36780,432,2023
36980,294,2023
37100,1163,2023
37340,6537,2023
37460,2322,2023
37620,96,2023
37860,2823,2023
37900,210,2023
37980,12019,2023
38060,45616,2023
38220,97,2023
38300,6294,2023
38340,145,2023
38540,348,2023
38940,6137,2023
38860,3072,2023
38900,11382,2023
39100,2230,2023
39150,1567,2023
39300,1930,2023
39340,6181,2023
39380,297,2023
39460,4429,2023
39540,524,2023
39580,20619,2023
39660,1574,2023
39740,352,2023
39820,208,2023
39900,4271,2023
40060,9973,2023
40140,20268,2023
40220,621,2023
40340,1174,2023
40380,1723,2023
40420,200,2023
40580,614,2023
40660,327,2023
40900,11941,2023
40980,190,2023
41420,1966,2023
41500,617,2023
41540,4894,2023
41620,9235,2023
41660,252,2023
41700,16485,2023
41740,11469,2023
41860,7530,2023
41940,6227,2023
42020,962,2023
42100,540,2023
42140,926,2023
42200,471,2023
42220,2353,2023
42340,3388,2023
42540,573,2023
42660,17223,2023
42680,1656,2023
42700,712,2023
43100,560,2023
43300,2447,2023
43340,983,2023
43420,486,2023
43580,365,2023
43620,3439,2023
43780,422,2023
43900,2867,2023
44060,3903,2023
44100,246,2023
44140,708,2023
44180,2177,2023
44220,215,2023
41060,681,2023
41100,2820,2023
41140,97,2023
41180,7107,2023
44300,344,2023
44420,605,2023
44700,2170,2023
44940,473,2023
45060,643,2023
45220,2690,2023
45300,25386,2023
45460,140,2023
45500,247,2023
45540,3339,2023
45780,1339,2023
45820,353,2023
45940,969,2023
46060,5255,2023
46140,5009,2023
46220,695,2023
46300,455,2023
46340,753,2023
46520,1851,2023
46540,252,2023
46660,962,2023
46700,1414,2023
47020,90,2023
47220,103,2023
47260,6114,2023
47300,1165,2023
47380,1759,2023
47460,275,2023
47580,1845,2023
47900,23493,2023
47940,481,2023
48060,194,2023
48140,570,2023
48260,16,2023
48300,586,2023
48540,11,2023
48660,274,2023
48620,3533,2023
48700,57,2023
48900,3965,2023
49020,1006,2023
49180,5074,2023
49340,1349,2023
49420,650,2023
49620,1167,2023
49660,290,2023
49700,609,2023
49740,873,2023
